Date;Open;High;Low;Close
08.12.2021;4,690.86;4,705.06;4,674.52;4,701.21
07.12.2021;4,631.97;4,694.04;4,631.97;4,686.75
06.12.2021;4,548.37;4,612.60;4,540.51;4,591.67
03.12.2021;4,589.49;4,608.03;4,495.12;4,538.43
02.12.2021;4,504.73;4,595.46;4,504.73;4,577.10
01.12.2021;4,602.82;4,652.94;4,510.27;4,513.04
30.11.2021;4,640.25;4,646.02;4,560.00;4,567.00
29.11.2021;4,628.75;4,672.95;4,625.26;4,655.27
26.11.2021;4,664.63;4,664.63;4,585.43;4,594.62
24.11.2021;4,675.78;4,702.87;4,659.89;4,701.46
23.11.2021;4,678.48;4,699.39;4,652.66;4,690.70
22.11.2021;4,712.00;4,743.83;4,682.17;4,682.94
19.11.2021;4,708.44;4,717.75;4,694.22;4,697.96
18.11.2021;4,700.72;4,708.80;4,672.78;4,704.54
17.11.2021;4,701.50;4,701.50;4,684.41;4,688.67
16.11.2021;4,679.42;4,714.95;4,679.42;4,700.90
15.11.2021;4,689.30;4,697.42;4,672.86;4,682.80
12.11.2021;4,655.24;4,688.47;4,650.77;4,682.85
11.11.2021;4,659.39;4,664.55;4,648.31;4,649.27
10.11.2021;4,670.26;4,684.85;4,630.86;4,646.71
09.11.2021;4,707.25;4,708.53;4,670.87;4,685.25
08.11.2021;4,701.48;4,714.92;4,694.39;4,701.70
05.11.2021;4,699.26;4,718.50;4,681.32;4,697.53
04.11.2021;4,662.93;4,683.00;4,662.59;4,680.06
03.11.2021;4,630.65;4,663.46;4,621.19;4,660.57
02.11.2021;4,613.34;4,635.15;4,613.34;4,630.65
01.11.2021;4,610.62;4,620.34;4,595.06;4,613.67
29.10.2021;4,572.87;4,608.08;4,567.59;4,605.38
28.10.2021;4,562.84;4,597.55;4,562.84;4,596.42
27.10.2021;4,580.22;4,584.57;4,551.66;4,551.68
26.10.2021;4,578.69;4,598.53;4,569.17;4,574.79
25.10.2021;4,553.69;4,572.62;4,537.36;4,566.48
22.10.2021;4,546.12;4,559.67;4,524.00;4,544.90
21.10.2021;4,532.24;4,551.44;4,526.89;4,549.78
20.10.2021;4,524.42;4,540.87;4,524.40;4,536.19
19.10.2021;4,497.34;4,520.40;4,496.41;4,519.63
18.10.2021;4,463.72;4,488.75;4,447.47;4,486.46
15.10.2021;4,447.69;4,475.82;4,447.69;4,471.37
14.10.2021;4,386.75;4,439.73;4,386.75;4,438.26
13.10.2021;4,358.01;4,372.87;4,329.92;4,363.80
12.10.2021;4,368.31;4,374.89;4,342.09;4,350.65
11.10.2021;4,385.44;4,415.88;4,360.59;4,361.19
08.10.2021;4,406.51;4,412.02;4,386.22;4,391.34
07.10.2021;4,383.73;4,429.97;4,383.73;4,399.76
06.10.2021;4,319.57;4,365.57;4,290.49;4,363.55
05.10.2021;4,309.87;4,369.23;4,309.87;4,345.72
04.10.2021;4,348.84;4,355.51;4,278.94;4,300.46
01.10.2021;4,317.16;4,375.19;4,288.52;4,357.04
30.09.2021;4,370.67;4,382.55;4,306.24;4,307.54
29.09.2021;4,362.41;4,385.57;4,355.08;4,359.46
28.09.2021;4,419.54;4,419.54;4,346.33;4,352.63
27.09.2021;4,442.12;4,457.30;4,436.19;4,443.11
24.09.2021;4,438.04;4,463.12;4,430.27;4,455.48
23.09.2021;4,406.75;4,465.40;4,406.75;4,448.98
22.09.2021;4,367.43;4,416.75;4,367.43;4,395.64
21.09.2021;4,374.45;4,394.87;4,347.96;4,354.19
20.09.2021;4,402.95;4,402.95;4,305.91;4,357.73
17.09.2021;4,469.74;4,471.52;4,427.76;4,432.99
16.09.2021;4,477.09;4,485.87;4,443.80;4,473.75
15.09.2021;4,447.49;4,486.87;4,438.37;4,480.70
14.09.2021;4,479.33;4,485.68;4,435.46;4,443.05
13.09.2021;4,474.81;4,492.99;4,445.70;4,468.73
10.09.2021;4,506.92;4,520.47;4,457.66;4,458.58
09.09.2021;4,513.02;4,529.90;4,492.07;4,493.28
08.09.2021;4,518.09;4,521.79;4,493.95;4,514.07
07.09.2021;4,535.38;4,535.38;4,513.00;4,520.03
03.09.2021;4,532.42;4,541.45;4,521.30;4,535.43
02.09.2021;4,534.48;4,545.85;4,524.66;4,536.95
01.09.2021;4,528.80;4,537.11;4,522.02;4,524.09
31.08.2021;4,529.75;4,531.39;4,515.80;4,522.68
30.08.2021;4,513.76;4,537.36;4,513.76;4,528.79
27.08.2021;4,474.10;4,513.33;4,474.10;4,509.37
26.08.2021;4,493.75;4,495.90;4,468.99;4,470.00
25.08.2021;4,490.45;4,501.71;4,485.66;4,496.19
24.08.2021;4,484.40;4,492.81;4,482.28;4,486.23
23.08.2021;4,450.29;4,489.88;4,450.29;4,479.53
20.08.2021;4,410.56;4,444.35;4,406.80;4,441.67
19.08.2021;4,382.44;4,418.61;4,367.73;4,405.80
18.08.2021;4,440.94;4,454.32;4,397.59;4,400.27
17.08.2021;4,462.12;4,462.12;4,417.83;4,448.08
16.08.2021;4,461.65;4,480.26;4,437.66;4,479.71
13.08.2021;4,464.84;4,468.37;4,460.82;4,468.00
12.08.2021;4,446.08;4,461.77;4,435.96;4,460.83
11.08.2021;4,442.18;4,449.44;4,436.42;4,447.70
10.08.2021;4,435.79;4,445.21;4,430.03;4,436.75
09.08.2021;4,437.77;4,439.39;4,424.74;4,432.35
06.08.2021;4,429.07;4,440.82;4,429.07;4,436.52
05.08.2021;4,408.86;4,429.76;4,408.86;4,429.10
04.08.2021;4,415.95;4,416.17;4,400.23;4,402.66
03.08.2021;4,392.74;4,423.79;4,373.00;4,423.15
02.08.2021;4,406.86;4,422.18;4,384.81;4,387.16
30.07.2021;4,395.12;4,412.25;4,389.65;4,395.26
29.07.2021;4,403.59;4,429.97;4,403.59;4,419.15
28.07.2021;4,402.95;4,415.47;4,387.01;4,400.64
27.07.2021;4,416.38;4,416.38;4,372.51;4,401.46
26.07.2021;4,409.58;4,422.73;4,405.45;4,422.30
23.07.2021;4,381.20;4,415.18;4,381.20;4,411.79
22.07.2021;4,361.27;4,369.87;4,350.06;4,367.48
21.07.2021;4,331.13;4,359.70;4,331.13;4,358.69
20.07.2021;4,265.11;4,336.84;4,262.05;4,323.06
19.07.2021;4,296.40;4,296.40;4,233.13;4,258.49
16.07.2021;4,367.43;4,375.09;4,322.53;4,327.16
15.07.2021;4,369.02;4,369.02;4,340.70;4,360.03
14.07.2021;4,380.11;4,393.68;4,362.36;4,374.30
13.07.2021;4,381.07;4,392.37;4,366.92;4,369.21
12.07.2021;4,372.41;4,386.68;4,364.03;4,384.63
09.07.2021;4,329.38;4,371.60;4,329.38;4,369.55
08.07.2021;4,321.07;4,330.88;4,289.37;4,320.82
07.07.2021;4,351.01;4,361.88;4,329.79;4,358.13
06.07.2021;4,356.46;4,356.46;4,314.37;4,343.54
02.07.2021;4,326.60;4,355.43;4,326.60;4,352.34
01.07.2021;4,300.73;4,320.66;4,300.73;4,319.94
30.06.2021;4,290.65;4,302.43;4,287.96;4,297.50
29.06.2021;4,293.21;4,300.52;4,287.04;4,291.80
28.06.2021;4,284.90;4,292.14;4,274.67;4,290.61
25.06.2021;4,274.45;4,286.12;4,271.16;4,280.70
24.06.2021;4,256.97;4,271.28;4,256.97;4,266.49
23.06.2021;4,249.27;4,256.60;4,241.43;4,241.84
22.06.2021;4,224.61;4,255.84;4,217.27;4,246.44
21.06.2021;4,173.40;4,226.24;4,173.40;4,224.79
18.06.2021;4,204.78;4,204.78;4,164.40;4,166.45
17.06.2021;4,220.37;4,232.29;4,196.05;4,221.86
16.06.2021;4,248.87;4,251.89;4,202.45;4,223.70
15.06.2021;4,255.28;4,257.16;4,238.35;4,246.59
14.06.2021;4,248.31;4,255.59;4,234.07;4,255.15
11.06.2021;4,242.90;4,248.38;4,232.25;4,247.44
10.06.2021;4,228.56;4,249.74;4,220.34;4,239.18
09.06.2021;4,232.99;4,237.09;4,218.74;4,219.55
08.06.2021;4,233.81;4,236.74;4,208.41;4,227.26
07.06.2021;4,229.34;4,232.34;4,215.66;4,226.52
04.06.2021;4,206.05;4,233.45;4,206.05;4,229.89
03.06.2021;4,191.43;4,204.39;4,167.93;4,192.85
02.06.2021;4,206.82;4,217.37;4,198.27;4,208.12
01.06.2021;4,216.52;4,234.12;4,197.59;4,202.04
28.05.2021;4,210.77;4,218.36;4,203.57;4,204.11
27.05.2021;4,201.94;4,213.38;4,197.78;4,200.88
26.05.2021;4,191.59;4,202.61;4,184.11;4,195.99
25.05.2021;4,205.94;4,213.42;4,182.52;4,188.13
24.05.2021;4,170.16;4,209.52;4,170.16;4,197.05
21.05.2021;4,168.61;4,188.72;4,151.72;4,155.86
20.05.2021;4,121.97;4,172.80;4,121.97;4,159.12
19.05.2021;4,098.45;4,116.93;4,061.41;4,115.68
18.05.2021;4,165.94;4,169.15;4,125.99;4,127.83
17.05.2021;4,169.92;4,171.92;4,142.69;4,163.29
14.05.2021;4,129.58;4,183.13;4,129.58;4,173.85
13.05.2021;4,074.99;4,131.58;4,074.99;4,112.50
12.05.2021;4,130.55;4,134.73;4,056.88;4,063.04
11.05.2021;4,150.34;4,162.04;4,111.53;4,152.10
10.05.2021;4,228.29;4,236.39;4,188.13;4,188.43
07.05.2021;4,210.34;4,238.04;4,201.64;4,232.60
06.05.2021;4,169.14;4,202.70;4,147.33;4,201.62
05.05.2021;4,177.06;4,187.72;4,160.94;4,167.59
04.05.2021;4,179.04;4,179.04;4,128.59;4,164.66
03.05.2021;4,191.98;4,209.39;4,188.03;4,192.66
30.04.2021;4,198.10;4,198.10;4,174.85;4,181.17
29.04.2021;4,206.14;4,218.78;4,176.81;4,211.47
28.04.2021;4,185.14;4,201.53;4,181.78;4,183.18
27.04.2021;4,188.25;4,193.35;4,176.22;4,186.72
26.04.2021;4,185.03;4,194.19;4,182.36;4,187.62
23.04.2021;4,138.78;4,194.17;4,138.78;4,180.17
22.04.2021;4,170.46;4,179.57;4,123.69;4,134.98
21.04.2021;4,128.42;4,175.02;4,126.35;4,173.42
20.04.2021;4,159.18;4,159.18;4,118.38;4,134.94
19.04.2021;4,179.80;4,180.81;4,150.47;4,163.26
16.04.2021;4,174.14;4,191.31;4,170.75;4,185.47
15.04.2021;4,139.76;4,173.49;4,139.76;4,170.42
14.04.2021;4,141.58;4,151.69;4,120.87;4,124.66
13.04.2021;4,130.10;4,148.00;4,124.43;4,141.59
12.04.2021;4,124.71;4,131.76;4,114.82;4,127.99
09.04.2021;4,096.11;4,129.48;4,095.51;4,128.80
08.04.2021;4,089.95;4,098.19;4,082.54;4,097.17
07.04.2021;4,074.29;4,083.13;4,068.31;4,079.95
06.04.2021;4,075.57;4,086.23;4,068.14;4,073.94
05.04.2021;4,034.44;4,083.42;4,034.44;4,077.91
01.04.2021;3,992.78;4,020.63;3,992.78;4,019.87
31.03.2021;3,967.25;3,994.41;3,966.98;3,972.89
30.03.2021;3,963.34;3,968.01;3,944.35;3,958.55
29.03.2021;3,969.31;3,981.83;3,943.25;3,971.09
26.03.2021;3,917.12;3,978.19;3,917.12;3,974.54
25.03.2021;3,879.34;3,919.54;3,853.50;3,909.52
24.03.2021;3,919.93;3,942.08;3,889.07;3,889.14
23.03.2021;3,937.60;3,949.13;3,901.57;3,910.52
22.03.2021;3,916.48;3,955.31;3,914.16;3,940.59
19.03.2021;3,913.14;3,930.12;3,886.75;3,913.10
18.03.2021;3,953.50;3,969.62;3,910.86;3,915.46
17.03.2021;3,949.57;3,983.87;3,935.74;3,974.12
16.03.2021;3,973.59;3,981.04;3,953.44;3,962.71
15.03.2021;3,942.96;3,970.08;3,923.54;3,968.94
12.03.2021;3,924.52;3,944.99;3,915.21;3,943.34
11.03.2021;3,915.54;3,960.27;3,915.54;3,939.34
10.03.2021;3,891.99;3,917.35;3,885.73;3,898.81
09.03.2021;3,851.93;3,903.76;3,851.93;3,875.44
08.03.2021;3,844.39;3,881.06;3,819.25;3,821.35
05.03.2021;3,793.58;3,851.69;3,730.19;3,841.94
04.03.2021;3,818.53;3,843.67;3,723.34;3,768.47
03.03.2021;3,863.99;3,874.47;3,818.86;3,819.72
02.03.2021;3,903.64;3,906.41;3,868.57;3,870.29
01.03.2021;3,842.51;3,914.50;3,842.51;3,901.82
26.02.2021;3,839.66;3,861.08;3,789.54;3,811.15
25.02.2021;3,915.80;3,925.02;3,814.04;3,829.34
24.02.2021;3,873.71;3,928.65;3,859.60;3,925.43
23.02.2021;3,857.07;3,895.98;3,805.59;3,881.37
22.02.2021;3,885.55;3,902.92;3,874.71;3,876.50
19.02.2021;3,921.16;3,930.41;3,903.07;3,906.71
18.02.2021;3,915.86;3,921.98;3,885.03;3,913.97
17.02.2021;3,918.50;3,933.61;3,900.43;3,931.33
16.02.2021;3,939.61;3,950.43;3,923.85;3,932.59
12.02.2021;3,911.65;3,937.23;3,905.78;3,934.83
11.02.2021;3,916.40;3,925.99;3,890.39;3,916.38
10.02.2021;3,920.78;3,931.50;3,884.94;3,909.88
09.02.2021;3,910.49;3,918.35;3,902.64;3,911.23
08.02.2021;3,892.59;3,915.77;3,892.59;3,915.59
05.02.2021;3,878.30;3,894.56;3,874.93;3,886.83
04.02.2021;3,836.66;3,872.42;3,836.66;3,871.74
03.02.2021;3,840.27;3,847.51;3,816.68;3,830.17
02.02.2021;3,791.84;3,843.09;3,791.84;3,826.31
01.02.2021;3,731.17;3,784.32;3,725.62;3,773.86
29.01.2021;3,778.05;3,778.05;3,694.12;3,714.24
28.01.2021;3,755.75;3,830.50;3,755.75;3,787.38
27.01.2021;3,836.83;3,836.83;3,732.48;3,750.77
26.01.2021;3,862.96;3,870.90;3,847.78;3,849.62
25.01.2021;3,851.68;3,859.23;3,797.16;3,855.36
22.01.2021;3,844.24;3,852.31;3,830.41;3,841.47
21.01.2021;3,857.46;3,861.45;3,845.05;3,853.07
20.01.2021;3,816.22;3,859.75;3,816.22;3,851.85
19.01.2021;3,781.88;3,804.53;3,780.37;3,798.91
15.01.2021;3,788.73;3,788.73;3,749.62;3,768.25
14.01.2021;3,814.98;3,823.60;3,792.86;3,795.54
13.01.2021;3,802.23;3,820.96;3,791.50;3,809.84
12.01.2021;3,801.62;3,810.78;3,776.51;3,801.19
11.01.2021;3,803.14;3,817.86;3,789.02;3,799.61
08.01.2021;3,815.05;3,826.69;3,783.60;3,824.68
07.01.2021;3,764.71;3,811.55;3,764.71;3,803.79
06.01.2021;3,712.20;3,783.04;3,705.34;3,748.14
05.01.2021;3,698.02;3,737.83;3,695.07;3,726.86
04.01.2021;3,764.61;3,769.99;3,662.71;3,700.65
31.12.2020;3,733.27;3,760.20;3,726.88;3,756.07
30.12.2020;3,736.19;3,744.63;3,730.21;3,732.04
29.12.2020;3,750.01;3,756.12;3,723.31;3,727.04
28.12.2020;3,723.03;3,740.51;3,723.03;3,735.36
24.12.2020;3,694.03;3,703.82;3,689.32;3,703.06
23.12.2020;3,693.42;3,711.24;3,689.28;3,690.01
22.12.2020;3,698.08;3,698.26;3,676.16;3,687.26
21.12.2020;3,684.28;3,702.90;3,636.48;3,694.92
18.12.2020;3,722.39;3,726.70;3,685.84;3,709.41
17.12.2020;3,713.65;3,725.12;3,710.87;3,722.48
16.12.2020;3,696.25;3,711.27;3,688.57;3,701.17
15.12.2020;3,666.41;3,695.29;3,659.62;3,694.62
14.12.2020;3,675.27;3,697.61;3,645.84;3,647.49
11.12.2020;3,656.08;3,665.91;3,633.40;3,663.46
10.12.2020;3,659.13;3,678.49;3,645.18;3,668.10
09.12.2020;3,705.98;3,712.39;3,660.54;3,672.82
08.12.2020;3,683.05;3,708.45;3,678.83;3,702.25
07.12.2020;3,694.73;3,697.41;3,678.88;3,691.96
04.12.2020;3,670.94;3,699.20;3,670.94;3,699.12
03.12.2020;3,668.28;3,682.73;3,657.17;3,666.72
02.12.2020;3,653.78;3,670.96;3,644.84;3,669.01
01.12.2020;3,645.87;3,678.45;3,645.87;3,662.45
30.11.2020;3,634.18;3,634.18;3,594.39;3,621.63
27.11.2020;3,638.55;3,644.31;3,629.33;3,638.35
25.11.2020;3,635.50;3,635.50;3,617.76;3,629.65
24.11.2020;3,594.52;3,642.31;3,594.52;3,635.41
23.11.2020;3,566.82;3,589.81;3,552.77;3,577.59
20.11.2020;3,579.31;3,581.23;3,556.85;3,557.54
19.11.2020;3,559.41;3,585.22;3,543.84;3,581.87
18.11.2020;3,612.09;3,619.09;3,567.33;3,567.79
17.11.2020;3,610.31;3,623.11;3,588.68;3,609.53
16.11.2020;3,600.16;3,628.51;3,600.16;3,626.91
13.11.2020;3,552.57;3,593.66;3,552.57;3,585.15
12.11.2020;3,562.67;3,569.02;3,518.58;3,537.01
11.11.2020;3,563.22;3,581.16;3,557.00;3,572.66
10.11.2020;3,543.26;3,557.22;3,511.91;3,545.53
09.11.2020;3,583.04;3,645.99;3,547.48;3,550.50
06.11.2020;3,508.34;3,521.58;3,484.34;3,509.44
05.11.2020;3,485.74;3,529.05;3,485.74;3,510.45
04.11.2020;3,406.46;3,486.25;3,405.17;3,443.44
03.11.2020;3,336.25;3,389.49;3,336.25;3,369.16
02.11.2020;3,296.20;3,330.14;3,279.74;3,310.24
30.10.2020;3,293.59;3,304.93;3,233.94;3,269.96
29.10.2020;3,277.17;3,341.05;3,259.82;3,310.11
28.10.2020;3,342.48;3,342.48;3,268.89;3,271.03
27.10.2020;3,403.15;3,409.51;3,388.71;3,390.68
26.10.2020;3,441.42;3,441.42;3,364.86;3,400.97
23.10.2020;3,464.90;3,466.46;3,440.45;3,465.39
22.10.2020;3,438.50;3,460.53;3,415.34;3,453.49
21.10.2020;3,439.91;3,464.86;3,433.06;3,435.56
20.10.2020;3,439.38;3,476.93;3,435.65;3,443.12
19.10.2020;3,493.66;3,502.42;3,419.93;3,426.92
16.10.2020;3,493.50;3,515.76;3,480.45;3,483.81
15.10.2020;3,453.72;3,489.08;3,440.89;3,483.34
14.10.2020;3,515.47;3,527.94;3,480.55;3,488.67
13.10.2020;3,534.01;3,534.01;3,500.86;3,511.93
12.10.2020;3,500.02;3,549.85;3,499.61;3,534.22
09.10.2020;3,459.67;3,482.34;3,458.07;3,477.13
08.10.2020;3,434.28;3,447.28;3,428.15;3,446.83
07.10.2020;3,384.56;3,426.26;3,384.56;3,419.45
06.10.2020;3,408.74;3,431.56;3,354.54;3,360.95
05.10.2020;3,367.27;3,409.57;3,367.27;3,408.63
02.10.2020;3,338.94;3,369.10;3,323.69;3,348.44
01.10.2020;3,385.87;3,397.18;3,361.39;3,380.80
30.09.2020;3,341.21;3,393.56;3,340.47;3,363.00
29.09.2020;3,350.92;3,357.92;3,327.54;3,335.47
28.09.2020;3,333.90;3,360.74;3,332.91;3,351.60
25.09.2020;3,236.66;3,306.88;3,228.44;3,298.46
24.09.2020;3,226.14;3,278.70;3,209.45;3,246.59
23.09.2020;3,320.11;3,323.35;3,232.57;3,236.92
22.09.2020;3,295.75;3,320.31;3,270.95;3,315.57
21.09.2020;3,285.57;3,285.57;3,229.10;3,281.06
18.09.2020;3,357.38;3,362.27;3,292.40;3,319.47
17.09.2020;3,346.86;3,375.17;3,328.82;3,357.01
16.09.2020;3,411.23;3,428.92;3,384.45;3,385.49
15.09.2020;3,407.73;3,419.48;3,389.25;3,401.20
14.09.2020;3,363.56;3,402.93;3,363.56;3,383.54
11.09.2020;3,352.70;3,368.95;3,310.47;3,340.97
10.09.2020;3,412.56;3,425.55;3,329.25;3,339.19
09.09.2020;3,369.82;3,424.77;3,366.84;3,398.96
08.09.2020;3,371.88;3,379.97;3,329.27;3,331.84
04.09.2020;3,453.60;3,479.15;3,349.63;3,426.96
03.09.2020;3,564.74;3,564.85;3,427.41;3,455.06
02.09.2020;3,543.76;3,588.11;3,535.23;3,580.84
01.09.2020;3,507.44;3,528.03;3,494.60;3,526.65
31.08.2020;3,509.73;3,514.77;3,493.25;3,500.31
28.08.2020;3,494.69;3,509.23;3,484.32;3,508.01
27.08.2020;3,485.14;3,501.38;3,468.35;3,484.55
26.08.2020;3,449.97;3,481.07;3,444.15;3,478.73
25.08.2020;3,435.95;3,444.21;3,425.84;3,443.62
24.08.2020;3,418.09;3,432.09;3,413.13;3,431.28
21.08.2020;3,386.01;3,399.96;3,379.31;3,397.16
20.08.2020;3,360.48;3,390.80;3,354.69;3,385.51
19.08.2020;3,392.51;3,399.54;3,369.66;3,374.85
18.08.2020;3,387.04;3,395.06;3,370.15;3,389.78
17.08.2020;3,380.86;3,387.59;3,379.22;3,381.99
14.08.2020;3,368.66;3,378.51;3,361.64;3,372.85
13.08.2020;3,372.95;3,387.24;3,363.35;3,373.43
12.08.2020;3,355.46;3,387.89;3,355.46;3,380.35
11.08.2020;3,370.34;3,381.01;3,326.44;3,333.69
10.08.2020;3,356.04;3,363.29;3,335.44;3,360.47
07.08.2020;3,340.05;3,352.54;3,328.72;3,351.28
06.08.2020;3,323.17;3,351.03;3,318.14;3,349.16
05.08.2020;3,317.37;3,330.77;3,317.37;3,327.77
04.08.2020;3,289.92;3,306.84;3,286.37;3,306.51
03.08.2020;3,288.26;3,302.73;3,284.53;3,294.61
31.07.2020;3,270.45;3,272.17;3,220.26;3,271.12
30.07.2020;3,231.76;3,250.92;3,204.13;3,246.22
29.07.2020;3,227.22;3,264.74;3,227.22;3,258.44
28.07.2020;3,234.27;3,243.72;3,216.17;3,218.44
27.07.2020;3,219.84;3,241.43;3,214.25;3,239.41
24.07.2020;3,218.58;3,227.26;3,200.05;3,215.63
23.07.2020;3,271.64;3,279.99;3,222.66;3,235.66
22.07.2020;3,254.86;3,279.32;3,253.10;3,276.02
21.07.2020;3,268.52;3,277.29;3,247.77;3,257.30
20.07.2020;3,224.29;3,258.61;3,215.16;3,251.84
17.07.2020;3,224.21;3,233.52;3,205.65;3,224.73
16.07.2020;3,208.36;3,220.39;3,198.59;3,215.57
15.07.2020;3,225.98;3,238.28;3,200.76;3,226.56
14.07.2020;3,141.11;3,200.95;3,127.66;3,197.52
13.07.2020;3,205.08;3,235.32;3,149.43;3,155.22
10.07.2020;3,152.47;3,186.82;3,136.22;3,185.04
09.07.2020;3,176.17;3,179.78;3,115.70;3,152.05
08.07.2020;3,153.07;3,171.80;3,136.53;3,169.94
07.07.2020;3,166.44;3,184.15;3,142.93;3,145.32
06.07.2020;3,155.29;3,182.59;3,155.29;3,179.72
02.07.2020;3,143.64;3,165.81;3,124.52;3,130.01
01.07.2020;3,105.92;3,128.44;3,101.17;3,115.86
30.06.2020;3,050.20;3,111.51;3,047.83;3,100.29
29.06.2020;3,018.59;3,053.89;2,999.74;3,053.24
26.06.2020;3,073.20;3,073.73;3,004.63;3,009.05
25.06.2020;3,046.60;3,086.25;3,024.01;3,083.76
24.06.2020;3,114.40;3,115.01;3,032.13;3,050.33
23.06.2020;3,138.70;3,154.90;3,127.12;3,131.29
22.06.2020;3,094.42;3,120.92;3,079.39;3,117.86
19.06.2020;3,140.29;3,155.53;3,083.11;3,097.74
18.06.2020;3,101.64;3,120.00;3,093.51;3,115.34
17.06.2020;3,136.13;3,141.16;3,108.03;3,113.49
16.06.2020;3,131.00;3,153.45;3,076.06;3,124.74
15.06.2020;2,993.76;3,079.76;2,965.66;3,066.59
12.06.2020;3,071.04;3,088.42;2,984.47;3,041.31
11.06.2020;3,123.53;3,123.53;2,999.49;3,002.10
10.06.2020;3,213.42;3,223.27;3,181.49;3,190.14
09.06.2020;3,213.32;3,222.71;3,193.11;3,207.18
08.06.2020;3,199.92;3,233.13;3,196.00;3,232.39
05.06.2020;3,163.84;3,211.72;3,163.84;3,193.93
04.06.2020;3,111.56;3,128.91;3,090.41;3,112.35
03.06.2020;3,098.90;3,130.94;3,098.90;3,122.87
02.06.2020;3,064.78;3,081.07;3,051.64;3,080.82
01.06.2020;3,038.78;3,062.18;3,031.54;3,055.73
29.05.2020;3,025.17;3,049.17;2,998.61;3,044.31
28.05.2020;3,046.61;3,068.67;3,023.40;3,029.73
27.05.2020;3,015.65;3,036.25;2,969.75;3,036.13
26.05.2020;3,004.08;3,021.72;2,988.17;2,991.77
22.05.2020;2,948.05;2,956.76;2,933.59;2,955.45
21.05.2020;2,969.95;2,978.50;2,938.57;2,948.51
20.05.2020;2,953.63;2,980.29;2,953.63;2,971.61
19.05.2020;2,948.59;2,964.21;2,922.35;2,922.94
18.05.2020;2,913.86;2,968.09;2,913.86;2,953.91
15.05.2020;2,829.95;2,865.01;2,816.78;2,863.70
14.05.2020;2,794.54;2,852.80;2,766.64;2,852.50
13.05.2020;2,865.86;2,874.14;2,793.15;2,820.00
12.05.2020;2,939.50;2,945.82;2,869.59;2,870.12
11.05.2020;2,915.46;2,944.25;2,903.44;2,930.32
08.05.2020;2,908.83;2,932.16;2,902.88;2,929.80
07.05.2020;2,878.26;2,901.92;2,876.48;2,881.19
06.05.2020;2,883.14;2,891.11;2,847.65;2,848.42
05.05.2020;2,868.88;2,898.23;2,863.55;2,868.44
04.05.2020;2,815.01;2,844.24;2,797.85;2,842.74
01.05.2020;2,869.09;2,869.09;2,821.61;2,830.71
30.04.2020;2,930.91;2,930.91;2,892.47;2,912.43
29.04.2020;2,918.46;2,954.86;2,912.16;2,939.51
28.04.2020;2,909.96;2,921.15;2,860.71;2,863.39
27.04.2020;2,854.65;2,887.72;2,852.89;2,878.48
24.04.2020;2,812.64;2,842.71;2,791.76;2,836.74
23.04.2020;2,810.42;2,844.90;2,794.26;2,797.80
22.04.2020;2,787.89;2,815.10;2,775.95;2,799.31
21.04.2020;2,784.81;2,785.54;2,727.10;2,736.56
20.04.2020;2,845.62;2,868.98;2,820.43;2,823.16
17.04.2020;2,842.43;2,879.22;2,830.88;2,874.56
16.04.2020;2,799.34;2,806.51;2,764.32;2,799.55
15.04.2020;2,795.64;2,801.88;2,761.54;2,783.36
14.04.2020;2,805.10;2,851.85;2,805.10;2,846.06
13.04.2020;2,782.46;2,782.46;2,721.17;2,761.63
09.04.2020;2,776.99;2,818.57;2,762.36;2,789.82
08.04.2020;2,685.00;2,760.75;2,663.30;2,749.98
07.04.2020;2,738.65;2,756.89;2,657.67;2,659.41
06.04.2020;2,578.28;2,676.85;2,574.57;2,663.68
03.04.2020;2,514.92;2,538.18;2,459.96;2,488.65
02.04.2020;2,458.54;2,533.22;2,455.79;2,526.90
01.04.2020;2,498.08;2,522.75;2,447.49;2,470.50
31.03.2020;2,614.69;2,641.39;2,571.15;2,584.59
30.03.2020;2,558.98;2,631.80;2,545.28;2,626.65
27.03.2020;2,555.87;2,615.91;2,520.02;2,541.47
26.03.2020;2,501.29;2,637.01;2,500.72;2,630.07
25.03.2020;2,457.77;2,571.42;2,407.53;2,475.56
24.03.2020;2,344.44;2,449.71;2,344.44;2,447.33
23.03.2020;2,290.71;2,300.73;2,191.86;2,237.40
20.03.2020;2,431.94;2,453.01;2,295.56;2,304.92
19.03.2020;2,393.48;2,466.97;2,319.78;2,409.39
18.03.2020;2,436.50;2,453.57;2,280.52;2,398.10
17.03.2020;2,425.66;2,553.93;2,367.04;2,529.19
16.03.2020;2,508.59;2,562.98;2,380.94;2,386.13
13.03.2020;2,569.99;2,711.33;2,492.37;2,711.02
12.03.2020;2,630.86;2,660.95;2,478.86;2,480.64
11.03.2020;2,825.60;2,825.60;2,707.22;2,741.38
10.03.2020;2,813.48;2,882.59;2,734.00;2,882.23
09.03.2020;2,863.89;2,863.89;2,734.43;2,746.56
06.03.2020;2,954.20;2,985.93;2,901.54;2,972.37
05.03.2020;3,075.70;3,083.04;2,999.83;3,023.94
04.03.2020;3,045.75;3,130.97;3,034.38;3,130.12
03.03.2020;3,096.46;3,136.72;2,976.63;3,003.37
02.03.2020;2,974.28;3,090.96;2,945.19;3,090.23
28.02.2020;2,916.90;2,959.72;2,855.84;2,954.22
27.02.2020;3,062.54;3,097.07;2,977.39;2,978.76
26.02.2020;3,139.90;3,182.51;3,108.99;3,116.39
25.02.2020;3,238.94;3,246.99;3,118.77;3,128.21
24.02.2020;3,257.61;3,259.81;3,214.65;3,225.89
21.02.2020;3,360.50;3,360.76;3,328.45;3,337.75
20.02.2020;3,380.45;3,389.15;3,341.02;3,373.23
19.02.2020;3,380.39;3,393.52;3,378.83;3,386.15
18.02.2020;3,369.04;3,375.01;3,355.61;3,370.29
14.02.2020;3,378.08;3,380.69;3,366.15;3,380.16
13.02.2020;3,365.90;3,385.09;3,360.52;3,373.94
12.02.2020;3,370.50;3,381.47;3,369.72;3,379.45
11.02.2020;3,365.87;3,375.63;3,352.72;3,357.75
10.02.2020;3,318.28;3,352.26;3,317.77;3,352.09
07.02.2020;3,335.54;3,341.42;3,322.12;3,327.71
06.02.2020;3,344.92;3,347.96;3,334.39;3,345.78
05.02.2020;3,324.91;3,337.58;3,313.75;3,334.69
04.02.2020;3,280.61;3,306.92;3,280.61;3,297.59
03.02.2020;3,235.66;3,268.44;3,235.66;3,248.92
31.01.2020;3,282.33;3,282.33;3,214.68;3,225.52
30.01.2020;3,256.45;3,285.91;3,242.80;3,283.66
29.01.2020;3,289.46;3,293.47;3,271.89;3,273.40
28.01.2020;3,255.35;3,285.78;3,253.22;3,276.24
27.01.2020;3,247.16;3,258.85;3,234.50;3,243.63
24.01.2020;3,333.10;3,333.18;3,281.53;3,295.47
23.01.2020;3,315.77;3,326.88;3,301.87;3,325.54
22.01.2020;3,330.02;3,337.77;3,320.04;3,321.75
21.01.2020;3,321.03;3,329.79;3,316.61;3,320.79
17.01.2020;3,323.66;3,329.88;3,318.86;3,329.62
16.01.2020;3,302.97;3,317.11;3,302.82;3,316.81
15.01.2020;3,282.27;3,298.66;3,280.69;3,289.29
14.01.2020;3,285.35;3,294.25;3,277.19;3,283.15
13.01.2020;3,271.13;3,288.13;3,268.43;3,288.13
10.01.2020;3,281.81;3,282.99;3,260.86;3,265.35
09.01.2020;3,266.03;3,275.58;3,263.67;3,274.70
08.01.2020;3,238.59;3,267.07;3,236.67;3,253.05
07.01.2020;3,241.86;3,244.91;3,232.43;3,237.18
06.01.2020;3,217.55;3,246.84;3,214.64;3,246.28
03.01.2020;3,226.36;3,246.15;3,222.34;3,234.85
02.01.2020;3,244.67;3,258.14;3,235.53;3,257.85
31.12.2019;3,215.18;3,231.72;3,212.03;3,230.78
30.12.2019;3,240.09;3,240.92;3,216.57;3,221.29
27.12.2019;3,247.23;3,247.93;3,234.37;3,240.02
26.12.2019;3,227.20;3,240.08;3,227.20;3,239.91
24.12.2019;3,225.45;3,226.43;3,220.51;3,223.38
23.12.2019;3,226.05;3,227.78;3,222.30;3,224.01
20.12.2019;3,223.33;3,225.65;3,216.03;3,221.22
19.12.2019;3,192.32;3,205.48;3,192.32;3,205.37
18.12.2019;3,195.21;3,198.48;3,191.14;3,191.14
17.12.2019;3,195.40;3,198.22;3,191.03;3,192.52
16.12.2019;3,183.63;3,197.71;3,183.63;3,191.45
13.12.2019;3,166.65;3,182.68;3,156.51;3,168.80
12.12.2019;3,141.23;3,176.28;3,138.47;3,168.57
11.12.2019;3,135.75;3,143.98;3,133.21;3,141.63
10.12.2019;3,135.36;3,142.12;3,126.09;3,132.52
09.12.2019;3,141.86;3,148.87;3,135.46;3,135.96
06.12.2019;3,134.62;3,150.60;3,134.62;3,145.91
05.12.2019;3,119.21;3,119.45;3,103.76;3,117.43
04.12.2019;3,103.50;3,119.38;3,102.53;3,112.76
03.12.2019;3,087.41;3,094.97;3,070.33;3,093.20
02.12.2019;3,143.85;3,144.31;3,110.78;3,113.87
29.11.2019;3,147.18;3,150.30;3,139.34;3,140.98
27.11.2019;3,145.49;3,154.26;3,143.41;3,153.63
26.11.2019;3,134.85;3,142.69;3,131.00;3,140.52
25.11.2019;3,117.44;3,133.83;3,117.44;3,133.64
22.11.2019;3,111.41;3,112.87;3,099.26;3,110.29
21.11.2019;3,108.49;3,110.11;3,094.55;3,103.54
20.11.2019;3,114.66;3,118.97;3,091.41;3,108.46
19.11.2019;3,127.45;3,127.64;3,113.47;3,120.18
18.11.2019;3,117.91;3,124.17;3,112.06;3,122.03
15.11.2019;3,107.92;3,120.46;3,104.60;3,120.46
14.11.2019;3,090.75;3,098.20;3,083.26;3,096.63
13.11.2019;3,084.18;3,098.06;3,078.80;3,094.04
12.11.2019;3,089.28;3,102.61;3,084.73;3,091.84
11.11.2019;3,080.33;3,088.33;3,075.82;3,087.01
08.11.2019;3,081.25;3,093.09;3,073.58;3,093.08
07.11.2019;3,087.02;3,097.77;3,080.23;3,085.18
06.11.2019;3,075.10;3,078.34;3,065.89;3,076.78
05.11.2019;3,080.80;3,083.95;3,072.15;3,074.62
04.11.2019;3,078.96;3,085.20;3,074.87;3,078.27
01.11.2019;3,050.72;3,066.95;3,050.72;3,066.91
31.10.2019;3,046.90;3,046.90;3,023.19;3,037.56
30.10.2019;3,039.74;3,050.10;3,025.96;3,046.77
29.10.2019;3,035.39;3,047.87;3,034.81;3,036.89
28.10.2019;3,032.12;3,044.08;3,032.12;3,039.42
25.10.2019;3,003.32;3,027.39;3,001.94;3,022.55
24.10.2019;3,014.78;3,016.07;3,000.42;3,010.29
23.10.2019;2,994.01;3,004.78;2,991.21;3,004.52
22.10.2019;3,010.73;3,014.57;2,995.04;2,995.99
21.10.2019;2,996.48;3,007.33;2,995.35;3,006.72
18.10.2019;2,996.84;3,000.00;2,976.31;2,986.20
17.10.2019;3,000.77;3,008.29;2,991.79;2,997.95
16.10.2019;2,989.68;2,997.54;2,985.20;2,989.69
15.10.2019;2,973.61;3,003.28;2,973.61;2,995.68
14.10.2019;2,965.81;2,972.84;2,962.94;2,966.15
11.10.2019;2,963.07;2,993.28;2,963.07;2,970.27
10.10.2019;2,918.55;2,948.46;2,917.12;2,938.13
09.10.2019;2,911.10;2,929.32;2,907.41;2,919.40
08.10.2019;2,920.40;2,925.47;2,892.66;2,893.06
07.10.2019;2,944.23;2,959.75;2,935.68;2,938.79
04.10.2019;2,918.56;2,953.74;2,918.56;2,952.01
03.10.2019;2,885.38;2,911.13;2,855.94;2,910.63
02.10.2019;2,924.78;2,924.78;2,874.93;2,887.61
01.10.2019;2,983.69;2,992.53;2,938.70;2,940.25
30.09.2019;2,967.07;2,983.85;2,967.07;2,976.74
27.09.2019;2,985.47;2,987.31;2,945.53;2,961.79
26.09.2019;2,985.73;2,987.28;2,963.71;2,977.62
25.09.2019;2,968.35;2,989.82;2,952.86;2,984.87
24.09.2019;3,002.43;3,007.98;2,957.73;2,966.60
23.09.2019;2,983.50;2,999.15;2,982.23;2,991.78
20.09.2019;3,008.42;3,016.37;2,984.68;2,992.07
19.09.2019;3,010.36;3,021.99;3,003.16;3,006.79
18.09.2019;3,001.50;3,007.83;2,978.57;3,006.73
17.09.2019;2,995.67;3,006.21;2,993.73;3,005.70
16.09.2019;2,996.41;3,002.19;2,990.67;2,997.96
13.09.2019;3,012.21;3,017.33;3,002.90;3,007.39
12.09.2019;3,009.08;3,020.74;3,000.92;3,009.57
11.09.2019;2,981.41;3,000.93;2,975.31;3,000.93
10.09.2019;2,971.01;2,979.39;2,957.01;2,979.39
09.09.2019;2,988.43;2,989.43;2,969.39;2,978.43
06.09.2019;2,980.33;2,985.03;2,972.51;2,978.71
05.09.2019;2,960.60;2,985.86;2,960.60;2,976.00
04.09.2019;2,924.67;2,938.84;2,921.86;2,937.78
03.09.2019;2,909.01;2,914.39;2,891.85;2,906.27
30.08.2019;2,937.09;2,940.43;2,913.32;2,926.46
29.08.2019;2,910.37;2,930.50;2,905.67;2,924.58
28.08.2019;2,861.28;2,890.03;2,853.05;2,887.94
27.08.2019;2,893.14;2,898.79;2,860.59;2,869.16
26.08.2019;2,866.70;2,879.27;2,856.00;2,878.38
23.08.2019;2,911.07;2,927.01;2,834.97;2,847.11
22.08.2019;2,930.94;2,939.08;2,904.51;2,922.95
21.08.2019;2,922.04;2,928.73;2,917.91;2,924.43
20.08.2019;2,919.01;2,923.63;2,899.60;2,900.51
19.08.2019;2,913.48;2,931.00;2,913.48;2,923.65
16.08.2019;2,864.74;2,893.63;2,864.74;2,888.68
15.08.2019;2,846.20;2,856.67;2,825.51;2,847.60
14.08.2019;2,894.15;2,894.15;2,839.64;2,840.60
13.08.2019;2,880.72;2,943.31;2,877.05;2,926.32
12.08.2019;2,907.07;2,907.58;2,873.14;2,883.75
09.08.2019;2,930.51;2,935.75;2,900.15;2,918.65
08.08.2019;2,896.21;2,938.72;2,894.47;2,938.09
07.08.2019;2,858.65;2,892.17;2,825.71;2,883.98
06.08.2019;2,861.18;2,884.40;2,847.42;2,881.77
05.08.2019;2,898.07;2,898.07;2,822.12;2,844.74
02.08.2019;2,943.90;2,945.50;2,914.11;2,932.05
01.08.2019;2,980.32;3,013.59;2,945.23;2,953.56
31.07.2019;3,016.22;3,017.40;2,958.08;2,980.38
30.07.2019;3,007.66;3,017.19;3,000.94;3,013.18
29.07.2019;3,024.47;3,025.61;3,014.30;3,020.97
26.07.2019;3,013.25;3,027.98;3,012.59;3,025.86
25.07.2019;3,016.26;3,016.31;2,997.24;3,003.67
24.07.2019;2,998.77;3,019.59;2,996.82;3,019.56
23.07.2019;2,994.74;3,005.90;2,988.56;3,005.47
22.07.2019;2,981.93;2,990.71;2,976.65;2,985.03
19.07.2019;3,004.26;3,006.02;2,975.86;2,976.61
18.07.2019;2,978.87;2,998.28;2,973.09;2,995.11
17.07.2019;3,005.10;3,005.26;2,984.25;2,984.42
16.07.2019;3,012.13;3,015.02;3,001.15;3,004.04
15.07.2019;3,017.80;3,017.80;3,008.77;3,014.30
12.07.2019;3,003.36;3,013.92;3,001.87;3,013.77
11.07.2019;2,999.62;3,002.33;2,988.80;2,999.91
10.07.2019;2,989.30;3,002.98;2,984.62;2,993.07
09.07.2019;2,965.52;2,981.90;2,963.44;2,979.63
08.07.2019;2,979.77;2,980.76;2,970.09;2,975.95
05.07.2019;2,984.25;2,994.03;2,967.97;2,990.41
03.07.2019;2,978.08;2,995.84;2,977.96;2,995.82
02.07.2019;2,964.66;2,973.21;2,955.92;2,973.01
01.07.2019;2,971.41;2,977.93;2,952.22;2,964.33
28.06.2019;2,932.94;2,943.98;2,929.05;2,941.76
27.06.2019;2,919.66;2,929.30;2,918.57;2,924.92
26.06.2019;2,926.07;2,932.59;2,912.99;2,913.78
25.06.2019;2,945.78;2,946.52;2,916.01;2,917.38
24.06.2019;2,951.42;2,954.92;2,944.05;2,945.35
21.06.2019;2,952.71;2,964.15;2,946.87;2,950.46
20.06.2019;2,949.60;2,958.06;2,931.50;2,954.18
19.06.2019;2,920.55;2,931.74;2,911.43;2,926.46
18.06.2019;2,906.71;2,930.79;2,905.44;2,917.75
17.06.2019;2,889.75;2,897.27;2,887.30;2,889.67
14.06.2019;2,886.82;2,894.45;2,879.62;2,886.98
13.06.2019;2,886.24;2,895.24;2,881.99;2,891.64
12.06.2019;2,882.73;2,888.57;2,874.68;2,879.84
11.06.2019;2,903.27;2,910.61;2,878.53;2,885.72
10.06.2019;2,885.83;2,904.77;2,885.51;2,886.73
07.06.2019;2,852.87;2,884.97;2,852.87;2,873.34
06.06.2019;2,828.51;2,852.10;2,822.45;2,843.49
05.06.2019;2,818.09;2,827.28;2,800.92;2,826.15
04.06.2019;2,762.64;2,804.49;2,762.64;2,803.27
03.06.2019;2,751.53;2,763.07;2,728.81;2,744.45
31.05.2019;2,766.15;2,768.98;2,750.52;2,752.06
30.05.2019;2,786.94;2,799.00;2,776.74;2,788.86
29.05.2019;2,790.25;2,792.03;2,766.06;2,783.02
28.05.2019;2,830.03;2,840.51;2,801.58;2,802.39
24.05.2019;2,832.41;2,841.36;2,820.19;2,826.06
23.05.2019;2,836.70;2,836.70;2,805.49;2,822.24
22.05.2019;2,856.06;2,865.47;2,851.11;2,856.27
21.05.2019;2,854.02;2,868.88;2,854.02;2,864.36
20.05.2019;2,841.94;2,853.86;2,831.29;2,840.23
17.05.2019;2,858.60;2,885.48;2,854.23;2,859.53
16.05.2019;2,855.80;2,892.15;2,855.80;2,876.32
15.05.2019;2,820.38;2,858.68;2,815.08;2,850.96
14.05.2019;2,820.12;2,852.54;2,820.12;2,834.41
13.05.2019;2,840.19;2,840.19;2,801.43;2,811.87
10.05.2019;2,863.10;2,891.31;2,825.39;2,881.40
09.05.2019;2,859.84;2,875.97;2,836.40;2,870.72
08.05.2019;2,879.61;2,897.96;2,873.28;2,879.42
07.05.2019;2,913.03;2,913.03;2,862.60;2,884.05
06.05.2019;2,908.89;2,937.32;2,898.21;2,932.47
03.05.2019;2,929.21;2,947.85;2,929.21;2,945.64
02.05.2019;2,922.16;2,931.68;2,900.50;2,917.52
01.05.2019;2,952.33;2,954.13;2,923.36;2,923.73
30.04.2019;2,937.14;2,948.22;2,924.11;2,945.83
29.04.2019;2,940.58;2,949.52;2,939.35;2,943.03
26.04.2019;2,925.81;2,939.88;2,917.56;2,939.88
25.04.2019;2,928.99;2,933.10;2,912.84;2,926.17
24.04.2019;2,934.00;2,936.83;2,926.05;2,927.25
23.04.2019;2,909.99;2,936.31;2,908.53;2,933.68
22.04.2019;2,898.78;2,909.51;2,896.35;2,907.97
18.04.2019;2,904.81;2,908.40;2,891.90;2,905.03
17.04.2019;2,916.04;2,918.00;2,895.45;2,900.45
16.04.2019;2,912.26;2,916.06;2,900.71;2,907.06
15.04.2019;2,908.32;2,909.60;2,896.48;2,905.58
12.04.2019;2,900.86;2,910.54;2,898.37;2,907.41
11.04.2019;2,891.92;2,893.42;2,881.99;2,888.32
10.04.2019;2,881.37;2,889.71;2,879.13;2,888.21
09.04.2019;2,886.58;2,886.88;2,873.33;2,878.20
08.04.2019;2,888.46;2,895.95;2,880.78;2,895.77
05.04.2019;2,884.16;2,893.24;2,882.99;2,892.74
04.04.2019;2,873.99;2,881.28;2,867.14;2,879.39
03.04.2019;2,876.09;2,885.25;2,865.17;2,873.40
02.04.2019;2,868.24;2,872.90;2,858.75;2,867.24
01.04.2019;2,848.63;2,869.40;2,848.63;2,867.19
29.03.2019;2,828.27;2,836.03;2,819.23;2,834.40
28.03.2019;2,809.40;2,819.71;2,798.77;2,815.44
27.03.2019;2,819.72;2,825.56;2,787.72;2,805.37
26.03.2019;2,812.66;2,829.87;2,803.99;2,818.46
25.03.2019;2,796.01;2,809.79;2,785.02;2,798.36
22.03.2019;2,844.52;2,846.16;2,800.47;2,800.71
21.03.2019;2,819.72;2,860.31;2,817.38;2,854.88
20.03.2019;2,831.34;2,843.54;2,812.43;2,824.23
19.03.2019;2,840.76;2,852.42;2,823.27;2,832.57
18.03.2019;2,822.61;2,835.41;2,821.99;2,832.94
15.03.2019;2,810.79;2,830.73;2,810.79;2,822.48
14.03.2019;2,810.38;2,815.00;2,803.46;2,808.48
13.03.2019;2,799.78;2,821.24;2,799.78;2,810.92
12.03.2019;2,787.34;2,798.32;2,786.73;2,791.52
11.03.2019;2,747.61;2,784.00;2,747.61;2,783.30
08.03.2019;2,730.79;2,744.13;2,722.27;2,743.07
07.03.2019;2,766.53;2,767.25;2,739.09;2,748.93
06.03.2019;2,790.27;2,790.27;2,768.69;2,771.45
05.03.2019;2,794.41;2,796.44;2,782.97;2,789.65
04.03.2019;2,814.37;2,816.88;2,767.66;2,792.81
01.03.2019;2,798.22;2,808.02;2,787.38;2,803.69
28.02.2019;2,788.11;2,793.73;2,782.51;2,784.49
27.02.2019;2,787.50;2,795.76;2,775.13;2,792.38
26.02.2019;2,792.36;2,803.12;2,789.47;2,793.90
25.02.2019;2,804.35;2,813.49;2,794.99;2,796.11
22.02.2019;2,780.67;2,794.20;2,779.11;2,792.67
21.02.2019;2,780.24;2,781.58;2,764.55;2,774.88
20.02.2019;2,779.05;2,789.88;2,774.06;2,784.70
19.02.2019;2,769.28;2,787.33;2,767.29;2,779.76
15.02.2019;2,760.24;2,775.66;2,760.24;2,775.60
14.02.2019;2,743.50;2,757.90;2,731.23;2,745.73
13.02.2019;2,750.30;2,761.85;2,748.63;2,753.03
12.02.2019;2,722.61;2,748.19;2,722.61;2,744.73
11.02.2019;2,712.40;2,718.05;2,703.79;2,709.80
08.02.2019;2,692.36;2,708.07;2,681.83;2,707.88
07.02.2019;2,717.53;2,719.32;2,687.26;2,706.05
06.02.2019;2,735.05;2,738.08;2,724.15;2,731.61
05.02.2019;2,728.34;2,738.98;2,724.03;2,737.70
04.02.2019;2,706.49;2,724.99;2,698.75;2,724.87
01.02.2019;2,702.32;2,716.66;2,696.88;2,706.53
31.01.2019;2,685.49;2,708.95;2,678.65;2,704.10
30.01.2019;2,653.62;2,690.44;2,648.34;2,681.05
29.01.2019;2,644.89;2,650.93;2,631.05;2,640.00
28.01.2019;2,644.97;2,644.97;2,624.06;2,643.85
25.01.2019;2,657.44;2,672.38;2,657.33;2,664.76
24.01.2019;2,638.84;2,647.20;2,627.01;2,642.33
23.01.2019;2,643.48;2,653.19;2,612.86;2,638.70
22.01.2019;2,657.88;2,657.88;2,617.27;2,632.90
18.01.2019;2,651.27;2,675.47;2,647.58;2,670.71
17.01.2019;2,609.28;2,645.06;2,606.36;2,635.96
16.01.2019;2,614.75;2,625.76;2,612.68;2,616.10
15.01.2019;2,585.10;2,613.08;2,585.10;2,610.30
14.01.2019;2,580.31;2,589.32;2,570.41;2,582.61
11.01.2019;2,588.11;2,596.27;2,577.40;2,596.26
10.01.2019;2,573.51;2,597.82;2,562.02;2,596.64
09.01.2019;2,580.00;2,595.32;2,568.89;2,584.96
08.01.2019;2,568.11;2,579.82;2,547.56;2,574.41
07.01.2019;2,535.61;2,566.16;2,524.56;2,549.69
04.01.2019;2,474.33;2,538.07;2,474.33;2,531.94
03.01.2019;2,491.92;2,493.14;2,443.96;2,447.89
02.01.2019;2,476.96;2,519.49;2,467.47;2,510.03
31.12.2018;2,498.94;2,509.24;2,482.82;2,506.85
28.12.2018;2,498.77;2,520.27;2,472.89;2,485.74
27.12.2018;2,442.50;2,489.10;2,397.94;2,488.83
26.12.2018;2,363.12;2,467.76;2,346.58;2,467.70
24.12.2018;2,400.56;2,410.34;2,351.10;2,351.10
21.12.2018;2,465.38;2,504.41;2,408.55;2,416.62
20.12.2018;2,496.77;2,509.63;2,441.18;2,467.42
19.12.2018;2,547.05;2,585.29;2,488.96;2,506.96
18.12.2018;2,559.90;2,573.99;2,528.71;2,546.16
17.12.2018;2,590.75;2,601.13;2,530.54;2,545.94
14.12.2018;2,629.68;2,635.07;2,593.84;2,599.95
13.12.2018;2,658.70;2,670.19;2,637.27;2,650.54
12.12.2018;2,658.23;2,685.44;2,650.26;2,651.07
11.12.2018;2,664.44;2,674.35;2,621.30;2,636.78
10.12.2018;2,630.86;2,647.51;2,583.23;2,637.72
07.12.2018;2,691.26;2,708.54;2,623.14;2,633.08
06.12.2018;2,663.51;2,696.15;2,621.53;2,695.95
04.12.2018;2,782.43;2,785.93;2,697.18;2,700.06
03.12.2018;2,790.50;2,800.18;2,773.38;2,790.37
30.11.2018;2,737.76;2,760.88;2,732.76;2,760.17
29.11.2018;2,736.97;2,753.75;2,722.94;2,737.76
28.11.2018;2,691.45;2,744.00;2,684.38;2,743.79
27.11.2018;2,663.75;2,682.53;2,655.89;2,682.17
26.11.2018;2,649.97;2,674.35;2,649.97;2,673.45
23.11.2018;2,633.36;2,647.55;2,631.09;2,632.56
21.11.2018;2,657.74;2,670.73;2,649.82;2,649.93
20.11.2018;2,654.60;2,669.44;2,631.52;2,641.89
19.11.2018;2,730.74;2,733.16;2,681.09;2,690.73
16.11.2018;2,718.54;2,746.75;2,712.16;2,736.27
15.11.2018;2,693.52;2,735.38;2,670.75;2,730.20
14.11.2018;2,737.90;2,746.80;2,685.75;2,701.58
13.11.2018;2,730.05;2,754.60;2,714.98;2,722.18
12.11.2018;2,773.93;2,775.99;2,722.00;2,726.22
09.11.2018;2,794.10;2,794.10;2,764.24;2,781.01
08.11.2018;2,806.38;2,814.75;2,794.99;2,806.83
07.11.2018;2,774.13;2,815.15;2,774.13;2,813.89
06.11.2018;2,738.40;2,756.82;2,737.08;2,755.45
05.11.2018;2,726.37;2,744.27;2,717.94;2,738.31
02.11.2018;2,745.45;2,756.55;2,700.44;2,723.06
01.11.2018;2,717.58;2,741.67;2,708.85;2,740.37
31.10.2018;2,705.60;2,736.69;2,705.60;2,711.74
30.10.2018;2,640.68;2,685.43;2,635.34;2,682.63
29.10.2018;2,682.65;2,706.85;2,603.54;2,641.25
26.10.2018;2,667.86;2,692.38;2,628.16;2,658.69
25.10.2018;2,674.88;2,722.70;2,667.84;2,705.57
24.10.2018;2,737.87;2,742.59;2,651.89;2,656.10
23.10.2018;2,721.03;2,753.59;2,691.43;2,740.69
22.10.2018;2,773.94;2,778.94;2,749.22;2,755.88
19.10.2018;2,775.66;2,797.77;2,760.27;2,767.78
18.10.2018;2,802.00;2,806.04;2,755.18;2,768.78
17.10.2018;2,811.67;2,816.94;2,781.81;2,809.21
16.10.2018;2,767.05;2,813.46;2,766.91;2,809.92
15.10.2018;2,763.83;2,775.99;2,749.03;2,750.79
12.10.2018;2,770.54;2,775.77;2,729.44;2,767.13
11.10.2018;2,776.87;2,795.14;2,710.51;2,728.37
10.10.2018;2,873.90;2,874.02;2,784.86;2,785.68
09.10.2018;2,882.51;2,894.83;2,874.27;2,880.34
08.10.2018;2,877.53;2,889.45;2,862.08;2,884.43
05.10.2018;2,902.54;2,909.64;2,869.29;2,885.57
04.10.2018;2,919.35;2,919.78;2,883.92;2,901.61
03.10.2018;2,931.69;2,939.86;2,921.36;2,925.51
02.10.2018;2,923.80;2,931.42;2,919.37;2,923.43
01.10.2018;2,926.29;2,937.06;2,917.91;2,924.59
28.09.2018;2,910.03;2,920.53;2,907.50;2,913.98
27.09.2018;2,911.65;2,927.22;2,909.27;2,914.00
26.09.2018;2,916.98;2,931.15;2,903.28;2,905.97
25.09.2018;2,921.75;2,923.95;2,913.70;2,915.56
24.09.2018;2,921.83;2,923.79;2,912.63;2,919.37
21.09.2018;2,936.76;2,940.91;2,927.11;2,929.67
20.09.2018;2,919.73;2,934.80;2,919.73;2,930.75
19.09.2018;2,906.60;2,912.36;2,903.82;2,907.95
18.09.2018;2,890.74;2,911.17;2,890.43;2,904.31
17.09.2018;2,903.83;2,904.65;2,886.16;2,888.80
14.09.2018;2,906.38;2,908.30;2,895.77;2,904.98
13.09.2018;2,896.85;2,906.76;2,896.39;2,904.18
12.09.2018;2,888.29;2,894.65;2,879.20;2,888.92
11.09.2018;2,871.57;2,892.52;2,866.78;2,887.89
10.09.2018;2,881.39;2,886.93;2,875.94;2,877.13
07.09.2018;2,868.26;2,883.81;2,864.12;2,871.68
06.09.2018;2,888.64;2,892.05;2,867.29;2,878.05
05.09.2018;2,891.59;2,894.21;2,876.92;2,888.60
04.09.2018;2,896.96;2,900.18;2,885.13;2,896.72
31.08.2018;2,898.37;2,906.32;2,891.73;2,901.52
30.08.2018;2,908.94;2,912.46;2,895.22;2,901.13
29.08.2018;2,900.62;2,916.50;2,898.40;2,914.04
28.08.2018;2,901.45;2,903.77;2,893.50;2,897.52
27.08.2018;2,884.69;2,898.25;2,884.69;2,896.74
24.08.2018;2,862.35;2,876.16;2,862.35;2,874.69
23.08.2018;2,860.29;2,868.78;2,854.03;2,856.98
22.08.2018;2,860.99;2,867.54;2,856.05;2,861.82
21.08.2018;2,861.51;2,873.23;2,861.32;2,862.96
20.08.2018;2,853.93;2,859.76;2,850.62;2,857.05
17.08.2018;2,838.32;2,855.63;2,833.73;2,850.13
16.08.2018;2,831.44;2,850.49;2,831.44;2,840.69
15.08.2018;2,827.95;2,827.95;2,802.49;2,818.37
14.08.2018;2,827.88;2,843.11;2,826.58;2,839.96
13.08.2018;2,835.46;2,843.40;2,819.88;2,821.93
10.08.2018;2,839.64;2,842.20;2,825.81;2,833.28
09.08.2018;2,857.19;2,862.48;2,851.98;2,853.58
08.08.2018;2,856.79;2,862.44;2,853.09;2,857.70
07.08.2018;2,855.92;2,863.43;2,855.92;2,858.45
06.08.2018;2,840.29;2,853.29;2,835.98;2,850.40
03.08.2018;2,829.62;2,840.38;2,827.37;2,840.35
02.08.2018;2,800.48;2,829.91;2,796.34;2,827.22
01.08.2018;2,821.17;2,825.83;2,805.85;2,813.36
31.07.2018;2,809.73;2,824.46;2,808.06;2,816.29
30.07.2018;2,819.00;2,821.74;2,798.11;2,802.60
27.07.2018;2,842.35;2,843.17;2,808.34;2,818.82
26.07.2018;2,835.49;2,845.57;2,835.26;2,837.44
25.07.2018;2,817.73;2,848.03;2,817.73;2,846.07
24.07.2018;2,820.68;2,829.99;2,811.12;2,820.40
23.07.2018;2,799.17;2,808.61;2,795.14;2,806.98
20.07.2018;2,804.55;2,809.70;2,800.01;2,801.83
19.07.2018;2,809.37;2,812.05;2,799.77;2,804.49
18.07.2018;2,811.35;2,816.76;2,805.89;2,815.62
17.07.2018;2,789.34;2,814.19;2,789.24;2,809.55
16.07.2018;2,801.43;2,803.71;2,793.39;2,798.43
13.07.2018;2,796.93;2,804.53;2,791.69;2,801.31
12.07.2018;2,783.14;2,799.22;2,781.53;2,798.29
11.07.2018;2,779.82;2,785.91;2,770.77;2,774.02
10.07.2018;2,788.56;2,795.58;2,786.24;2,793.84
09.07.2018;2,768.51;2,784.65;2,768.51;2,784.17
06.07.2018;2,737.68;2,764.41;2,733.52;2,759.82
05.07.2018;2,724.19;2,737.83;2,716.02;2,736.61
03.07.2018;2,733.27;2,736.58;2,711.16;2,713.22
02.07.2018;2,704.95;2,727.26;2,698.95;2,726.71
29.06.2018;2,727.13;2,743.26;2,718.03;2,718.37
28.06.2018;2,698.69;2,724.34;2,691.99;2,716.31
27.06.2018;2,728.45;2,746.09;2,699.38;2,699.63
26.06.2018;2,722.12;2,732.91;2,715.60;2,723.06
25.06.2018;2,742.94;2,742.94;2,698.67;2,717.07
22.06.2018;2,760.79;2,764.17;2,752.68;2,754.88
21.06.2018;2,769.28;2,769.28;2,744.39;2,749.76
20.06.2018;2,769.73;2,774.86;2,763.91;2,767.32
19.06.2018;2,752.01;2,765.05;2,743.19;2,762.59
18.06.2018;2,765.79;2,774.99;2,757.12;2,773.75
15.06.2018;2,777.78;2,782.81;2,761.73;2,779.66
14.06.2018;2,783.21;2,789.06;2,776.52;2,782.49
13.06.2018;2,787.94;2,791.47;2,774.65;2,775.63
12.06.2018;2,785.60;2,789.80;2,778.78;2,786.85
11.06.2018;2,780.18;2,790.21;2,780.17;2,782.00
08.06.2018;2,765.84;2,779.39;2,763.59;2,779.03
07.06.2018;2,774.84;2,779.90;2,760.16;2,770.37
06.06.2018;2,753.25;2,772.39;2,748.46;2,772.35
05.06.2018;2,748.46;2,752.61;2,739.51;2,748.80
04.06.2018;2,741.67;2,749.16;2,740.54;2,746.87
01.06.2018;2,718.70;2,736.93;2,718.70;2,734.62
31.05.2018;2,720.98;2,722.50;2,700.68;2,705.27
30.05.2018;2,702.43;2,729.34;2,702.43;2,724.01
29.05.2018;2,705.11;2,710.67;2,676.81;2,689.86
25.05.2018;2,723.60;2,727.36;2,714.99;2,721.33
24.05.2018;2,730.94;2,731.97;2,707.38;2,727.76
23.05.2018;2,713.98;2,733.33;2,709.54;2,733.29
22.05.2018;2,738.34;2,742.24;2,721.88;2,724.44
21.05.2018;2,725.95;2,739.19;2,725.70;2,733.01
18.05.2018;2,717.35;2,719.50;2,709.18;2,712.97
17.05.2018;2,719.71;2,731.96;2,711.36;2,720.13
16.05.2018;2,712.62;2,727.76;2,712.17;2,722.46
15.05.2018;2,718.59;2,718.59;2,701.91;2,711.45
14.05.2018;2,733.37;2,742.10;2,725.47;2,730.13
11.05.2018;2,722.70;2,732.86;2,717.45;2,727.72
10.05.2018;2,705.02;2,726.11;2,704.54;2,723.07
09.05.2018;2,678.12;2,701.27;2,674.14;2,697.79
08.05.2018;2,670.26;2,676.34;2,655.20;2,671.92
07.05.2018;2,669.36;2,683.35;2,664.70;2,672.63
04.05.2018;2,621.45;2,670.93;2,615.32;2,663.42
03.05.2018;2,628.08;2,637.14;2,594.62;2,629.73
02.05.2018;2,654.24;2,660.87;2,631.70;2,635.67
01.05.2018;2,643.64;2,655.27;2,625.41;2,654.80
30.04.2018;2,675.05;2,682.92;2,648.04;2,648.05
27.04.2018;2,675.47;2,677.35;2,659.01;2,669.91
26.04.2018;2,651.65;2,676.48;2,647.16;2,666.94
25.04.2018;2,634.92;2,645.30;2,612.67;2,639.40
24.04.2018;2,680.80;2,683.55;2,617.32;2,634.56
23.04.2018;2,675.40;2,682.86;2,657.99;2,670.29
20.04.2018;2,692.56;2,693.94;2,660.61;2,670.14
19.04.2018;2,701.16;2,702.84;2,681.90;2,693.13
18.04.2018;2,710.11;2,717.49;2,703.63;2,708.64
17.04.2018;2,692.74;2,713.34;2,692.05;2,706.39
16.04.2018;2,670.10;2,686.49;2,665.16;2,677.84
13.04.2018;2,676.90;2,680.26;2,645.05;2,656.30
12.04.2018;2,653.83;2,674.72;2,653.83;2,663.99
11.04.2018;2,643.89;2,661.43;2,639.25;2,642.19
10.04.2018;2,638.41;2,665.45;2,635.78;2,656.87
09.04.2018;2,617.18;2,653.55;2,610.79;2,613.16
06.04.2018;2,645.82;2,656.88;2,586.27;2,604.47
05.04.2018;2,657.36;2,672.08;2,649.58;2,662.84
04.04.2018;2,584.04;2,649.86;2,573.61;2,644.69
03.04.2018;2,592.17;2,619.14;2,575.49;2,614.45
02.04.2018;2,633.45;2,638.30;2,553.80;2,581.88
29.03.2018;2,614.41;2,659.07;2,609.72;2,640.87
28.03.2018;2,611.30;2,632.65;2,593.06;2,605.00
27.03.2018;2,667.57;2,674.78;2,596.12;2,612.62
26.03.2018;2,619.35;2,661.36;2,601.81;2,658.55
23.03.2018;2,646.71;2,657.67;2,585.89;2,588.26
22.03.2018;2,691.36;2,695.68;2,641.59;2,643.69
21.03.2018;2,714.99;2,739.14;2,709.79;2,711.93
20.03.2018;2,715.05;2,724.22;2,710.05;2,716.94
19.03.2018;2,741.38;2,741.38;2,694.59;2,712.92
16.03.2018;2,750.57;2,761.85;2,749.97;2,752.01
15.03.2018;2,754.27;2,763.03;2,741.47;2,747.33
14.03.2018;2,774.06;2,777.11;2,744.38;2,749.48
13.03.2018;2,792.31;2,801.90;2,758.68;2,765.31
12.03.2018;2,790.54;2,796.98;2,779.26;2,783.02
09.03.2018;2,752.91;2,786.57;2,751.54;2,786.57
08.03.2018;2,732.75;2,740.45;2,722.65;2,738.97
07.03.2018;2,710.18;2,730.60;2,701.74;2,726.80
06.03.2018;2,730.18;2,732.08;2,711.26;2,728.12
05.03.2018;2,681.06;2,728.09;2,675.75;2,720.94
02.03.2018;2,658.89;2,696.25;2,647.32;2,691.25
01.03.2018;2,715.22;2,730.89;2,659.65;2,677.67
28.02.2018;2,753.78;2,761.52;2,713.54;2,713.83
27.02.2018;2,780.45;2,789.15;2,744.22;2,744.28
26.02.2018;2,757.37;2,780.64;2,753.78;2,779.60
23.02.2018;2,715.80;2,747.76;2,713.74;2,747.30
22.02.2018;2,710.42;2,731.26;2,697.77;2,703.96
21.02.2018;2,720.53;2,747.75;2,701.29;2,701.33
20.02.2018;2,726.01;2,737.60;2,706.76;2,716.26
16.02.2018;2,727.14;2,754.42;2,725.11;2,732.22
15.02.2018;2,713.46;2,731.51;2,689.82;2,731.20
14.02.2018;2,651.21;2,702.10;2,648.87;2,698.63
13.02.2018;2,646.27;2,668.84;2,637.08;2,662.94
12.02.2018;2,636.75;2,672.61;2,622.45;2,656.00
09.02.2018;2,601.78;2,638.67;2,532.69;2,619.55
08.02.2018;2,685.01;2,685.27;2,580.56;2,581.00
07.02.2018;2,690.95;2,727.67;2,681.33;2,681.66
06.02.2018;2,614.78;2,701.04;2,593.07;2,695.14
05.02.2018;2,741.06;2,763.39;2,638.17;2,648.94
02.02.2018;2,808.92;2,808.92;2,759.97;2,762.13
01.02.2018;2,816.45;2,835.96;2,812.70;2,821.98
31.01.2018;2,832.41;2,839.26;2,813.04;2,823.81
30.01.2018;2,832.74;2,837.75;2,818.27;2,822.43
29.01.2018;2,867.23;2,870.62;2,851.48;2,853.53
26.01.2018;2,847.48;2,872.87;2,846.18;2,872.87
25.01.2018;2,846.24;2,848.56;2,830.94;2,839.25
24.01.2018;2,845.42;2,852.97;2,824.81;2,837.54
23.01.2018;2,835.05;2,842.24;2,830.59;2,839.13
22.01.2018;2,809.16;2,833.03;2,808.12;2,832.97
19.01.2018;2,802.60;2,810.33;2,798.08;2,810.30
18.01.2018;2,802.40;2,805.83;2,792.56;2,798.03
17.01.2018;2,784.99;2,807.04;2,778.38;2,802.56
16.01.2018;2,798.96;2,807.54;2,768.64;2,776.42
12.01.2018;2,770.18;2,787.85;2,769.64;2,786.24
11.01.2018;2,752.97;2,767.56;2,752.78;2,767.56
10.01.2018;2,745.55;2,750.80;2,736.06;2,748.23
09.01.2018;2,751.15;2,759.14;2,747.86;2,751.29
08.01.2018;2,742.67;2,748.51;2,737.60;2,747.71
05.01.2018;2,731.33;2,743.45;2,727.92;2,743.15
04.01.2018;2,719.31;2,729.29;2,719.07;2,723.99
03.01.2018;2,697.85;2,714.37;2,697.77;2,713.06
02.01.2018;2,683.73;2,695.89;2,682.36;2,695.81
29.12.2017;2,689.15;2,692.12;2,673.61;2,673.61
28.12.2017;2,686.10;2,687.66;2,682.69;2,687.54
27.12.2017;2,682.10;2,685.64;2,678.91;2,682.62
26.12.2017;2,679.09;2,682.74;2,677.96;2,680.50
22.12.2017;2,684.22;2,685.35;2,678.13;2,683.34
21.12.2017;2,683.02;2,692.64;2,682.40;2,684.57
20.12.2017;2,688.18;2,691.01;2,676.11;2,679.25
19.12.2017;2,692.71;2,694.44;2,680.74;2,681.47
18.12.2017;2,685.92;2,694.97;2,685.92;2,690.16
15.12.2017;2,660.63;2,679.63;2,659.14;2,675.81
14.12.2017;2,665.87;2,668.09;2,652.01;2,652.01
13.12.2017;2,667.59;2,671.88;2,662.85;2,662.85
12.12.2017;2,661.73;2,669.72;2,659.78;2,664.11
11.12.2017;2,652.19;2,660.33;2,651.47;2,659.99
08.12.2017;2,646.21;2,651.65;2,644.10;2,651.50
07.12.2017;2,628.38;2,640.99;2,626.53;2,636.98
06.12.2017;2,626.24;2,634.41;2,624.75;2,629.27
05.12.2017;2,639.78;2,648.72;2,627.73;2,629.57
04.12.2017;2,657.19;2,665.19;2,639.03;2,639.44
01.12.2017;2,645.10;2,650.62;2,605.52;2,642.22
30.11.2017;2,633.93;2,657.74;2,633.93;2,647.58
29.11.2017;2,627.82;2,634.89;2,620.32;2,626.07
28.11.2017;2,605.94;2,627.69;2,605.44;2,627.04
27.11.2017;2,602.66;2,606.41;2,598.87;2,601.42
24.11.2017;2,600.42;2,604.21;2,600.42;2,602.42
22.11.2017;2,600.31;2,600.94;2,595.23;2,597.08
21.11.2017;2,589.17;2,601.19;2,589.17;2,599.03
20.11.2017;2,579.49;2,584.64;2,578.24;2,582.14
17.11.2017;2,582.94;2,583.96;2,577.62;2,578.85
16.11.2017;2,572.95;2,590.09;2,572.95;2,585.64
15.11.2017;2,569.45;2,572.84;2,557.45;2,564.62
14.11.2017;2,577.75;2,579.66;2,566.56;2,578.87
13.11.2017;2,576.53;2,587.66;2,574.48;2,584.84
10.11.2017;2,580.18;2,583.81;2,575.57;2,582.30
09.11.2017;2,584.00;2,586.50;2,566.33;2,584.62
08.11.2017;2,588.71;2,595.47;2,585.02;2,594.38
07.11.2017;2,592.11;2,597.02;2,584.35;2,590.64
06.11.2017;2,587.47;2,593.38;2,585.66;2,591.13
03.11.2017;2,581.93;2,588.42;2,576.77;2,587.84
02.11.2017;2,579.46;2,581.11;2,566.17;2,579.85
01.11.2017;2,583.21;2,588.40;2,574.92;2,579.36
31.10.2017;2,575.99;2,578.29;2,572.15;2,575.26
30.10.2017;2,577.75;2,580.03;2,568.25;2,572.83
27.10.2017;2,570.26;2,582.98;2,565.94;2,581.07
26.10.2017;2,560.08;2,567.07;2,559.80;2,560.40
25.10.2017;2,566.52;2,567.40;2,544.00;2,557.15
24.10.2017;2,568.66;2,572.18;2,565.58;2,569.13
23.10.2017;2,578.08;2,578.29;2,564.33;2,564.98
20.10.2017;2,567.56;2,575.44;2,567.56;2,575.21
19.10.2017;2,553.39;2,562.36;2,547.92;2,562.10
18.10.2017;2,562.87;2,564.11;2,559.67;2,561.26
17.10.2017;2,557.17;2,559.71;2,554.69;2,559.36
16.10.2017;2,555.57;2,559.47;2,552.64;2,557.64
13.10.2017;2,555.66;2,557.65;2,552.09;2,553.17
12.10.2017;2,552.88;2,555.33;2,548.31;2,550.93
11.10.2017;2,550.62;2,555.24;2,547.95;2,555.24
10.10.2017;2,549.99;2,555.23;2,544.86;2,550.64
09.10.2017;2,551.39;2,551.82;2,541.60;2,544.73
06.10.2017;2,547.44;2,549.41;2,543.79;2,549.33
05.10.2017;2,540.86;2,552.51;2,540.02;2,552.07
04.10.2017;2,533.48;2,540.53;2,531.80;2,537.74
03.10.2017;2,530.34;2,535.13;2,528.85;2,534.58
02.10.2017;2,521.20;2,529.23;2,520.40;2,529.12
29.09.2017;2,509.96;2,519.44;2,507.99;2,519.36
28.09.2017;2,503.41;2,510.81;2,502.93;2,510.06
27.09.2017;2,503.30;2,511.75;2,495.91;2,507.04
26.09.2017;2,501.04;2,503.51;2,495.12;2,496.84
25.09.2017;2,499.39;2,502.54;2,488.03;2,496.66
22.09.2017;2,497.26;2,503.47;2,496.54;2,502.22
21.09.2017;2,507.16;2,507.16;2,499.00;2,500.60
20.09.2017;2,506.84;2,508.85;2,496.67;2,508.24
19.09.2017;2,506.29;2,507.84;2,503.19;2,506.65
18.09.2017;2,502.51;2,508.32;2,499.92;2,503.87
15.09.2017;2,495.67;2,500.23;2,493.16;2,500.23
14.09.2017;2,494.56;2,498.43;2,491.35;2,495.62
13.09.2017;2,493.89;2,498.37;2,492.14;2,498.37
12.09.2017;2,491.94;2,496.77;2,490.37;2,496.48
11.09.2017;2,474.52;2,488.95;2,474.52;2,488.11
08.09.2017;2,462.25;2,467.11;2,459.40;2,461.43
07.09.2017;2,468.06;2,468.62;2,460.29;2,465.10
06.09.2017;2,463.83;2,469.64;2,459.20;2,465.54
05.09.2017;2,470.35;2,471.97;2,446.55;2,457.85
01.09.2017;2,474.42;2,480.38;2,473.85;2,476.55
31.08.2017;2,462.65;2,475.01;2,462.65;2,471.65
30.08.2017;2,446.06;2,460.31;2,443.77;2,457.59
29.08.2017;2,431.94;2,449.19;2,428.20;2,446.30
28.08.2017;2,447.35;2,449.12;2,439.03;2,444.24
25.08.2017;2,444.72;2,453.96;2,442.22;2,443.05
24.08.2017;2,447.91;2,450.39;2,436.19;2,438.97
23.08.2017;2,444.88;2,448.91;2,441.42;2,444.04
22.08.2017;2,433.75;2,454.77;2,433.67;2,452.51
21.08.2017;2,425.50;2,430.58;2,417.35;2,428.37
18.08.2017;2,427.64;2,440.27;2,420.69;2,425.55
17.08.2017;2,462.95;2,465.02;2,430.01;2,430.01
16.08.2017;2,468.63;2,474.93;2,463.86;2,468.11
15.08.2017;2,468.66;2,468.90;2,461.61;2,464.61
14.08.2017;2,454.96;2,468.22;2,454.96;2,465.84
11.08.2017;2,441.04;2,448.09;2,437.85;2,441.32
10.08.2017;2,465.38;2,465.38;2,437.75;2,438.21
09.08.2017;2,465.35;2,474.41;2,462.08;2,474.02
08.08.2017;2,478.35;2,490.87;2,470.32;2,474.92
07.08.2017;2,477.14;2,480.95;2,475.88;2,480.91
04.08.2017;2,476.88;2,480.00;2,472.08;2,476.83
03.08.2017;2,476.03;2,476.03;2,468.85;2,472.16
02.08.2017;2,480.38;2,480.38;2,466.48;2,477.57
01.08.2017;2,477.10;2,478.51;2,471.14;2,476.35
31.07.2017;2,475.94;2,477.96;2,468.53;2,470.30
28.07.2017;2,469.12;2,473.53;2,464.66;2,472.10
27.07.2017;2,482.76;2,484.04;2,459.93;2,475.42
26.07.2017;2,479.97;2,481.69;2,474.94;2,477.83
25.07.2017;2,477.88;2,481.24;2,474.91;2,477.13
24.07.2017;2,472.04;2,473.10;2,466.32;2,469.91
21.07.2017;2,467.40;2,472.54;2,465.06;2,472.54
20.07.2017;2,475.56;2,477.62;2,468.43;2,473.45
19.07.2017;2,463.85;2,473.83;2,463.85;2,473.83
18.07.2017;2,455.88;2,460.92;2,450.34;2,460.61
17.07.2017;2,459.50;2,462.82;2,457.16;2,459.14
14.07.2017;2,449.16;2,463.54;2,446.69;2,459.27
13.07.2017;2,444.99;2,449.32;2,441.69;2,447.83
12.07.2017;2,435.75;2,445.76;2,435.75;2,443.25
11.07.2017;2,427.35;2,429.30;2,412.79;2,425.53
10.07.2017;2,424.51;2,432.00;2,422.27;2,427.43
07.07.2017;2,413.52;2,426.92;2,413.52;2,425.18
06.07.2017;2,423.44;2,424.28;2,407.70;2,409.75
05.07.2017;2,430.78;2,434.90;2,422.05;2,432.54
03.07.2017;2,431.39;2,439.17;2,428.69;2,429.01
30.06.2017;2,429.20;2,432.71;2,421.65;2,423.41
29.06.2017;2,442.38;2,442.73;2,405.70;2,419.70
28.06.2017;2,428.70;2,442.97;2,428.02;2,440.69
27.06.2017;2,436.34;2,440.15;2,419.38;2,419.38
26.06.2017;2,443.32;2,450.42;2,437.03;2,439.07
23.06.2017;2,434.65;2,441.40;2,431.11;2,438.30
22.06.2017;2,437.40;2,441.62;2,433.27;2,434.50
21.06.2017;2,439.31;2,442.23;2,430.74;2,435.61
20.06.2017;2,450.66;2,450.66;2,436.60;2,437.03
19.06.2017;2,442.55;2,453.82;2,441.79;2,453.46
16.06.2017;2,431.24;2,433.15;2,422.88;2,433.15
15.06.2017;2,424.14;2,433.95;2,418.53;2,432.46
14.06.2017;2,443.75;2,443.75;2,428.34;2,437.92
13.06.2017;2,434.15;2,441.49;2,431.28;2,440.35
12.06.2017;2,425.88;2,430.38;2,419.97;2,429.39
09.06.2017;2,436.39;2,446.20;2,415.70;2,431.77
08.06.2017;2,434.27;2,439.27;2,427.94;2,433.79
07.06.2017;2,432.03;2,435.28;2,424.75;2,433.14
06.06.2017;2,431.92;2,436.21;2,428.12;2,429.33
05.06.2017;2,437.83;2,439.55;2,434.32;2,436.10
02.06.2017;2,431.28;2,440.23;2,427.71;2,439.07
01.06.2017;2,415.65;2,430.06;2,413.54;2,430.06
31.05.2017;2,415.63;2,415.99;2,403.59;2,411.80
30.05.2017;2,411.67;2,415.26;2,409.43;2,412.91
26.05.2017;2,414.50;2,416.68;2,412.20;2,415.82
25.05.2017;2,409.54;2,418.71;2,408.01;2,415.07
24.05.2017;2,401.41;2,405.58;2,397.99;2,404.39
23.05.2017;2,397.04;2,400.85;2,393.88;2,398.42
22.05.2017;2,387.21;2,395.46;2,386.92;2,394.02
19.05.2017;2,371.37;2,389.06;2,370.43;2,381.73
18.05.2017;2,354.69;2,375.74;2,352.72;2,365.72
17.05.2017;2,382.95;2,384.87;2,356.21;2,357.03
16.05.2017;2,404.55;2,405.77;2,396.05;2,400.67
15.05.2017;2,393.98;2,404.05;2,393.94;2,402.32
12.05.2017;2,392.44;2,392.44;2,387.19;2,390.90
11.05.2017;2,394.84;2,395.72;2,381.74;2,394.44
10.05.2017;2,396.79;2,399.74;2,392.79;2,399.63
09.05.2017;2,401.58;2,403.87;2,392.44;2,396.92
08.05.2017;2,399.94;2,401.36;2,393.92;2,399.38
05.05.2017;2,392.37;2,399.29;2,389.38;2,399.29
04.05.2017;2,389.79;2,391.43;2,380.35;2,389.52
03.05.2017;2,386.50;2,389.82;2,379.75;2,388.13
02.05.2017;2,391.05;2,392.93;2,385.82;2,391.17
01.05.2017;2,388.50;2,394.49;2,384.83;2,388.33
28.04.2017;2,393.68;2,393.68;2,382.36;2,384.20
27.04.2017;2,389.70;2,392.10;2,382.68;2,388.77
26.04.2017;2,388.98;2,398.16;2,386.76;2,387.45
25.04.2017;2,381.51;2,392.48;2,381.15;2,388.61
24.04.2017;2,370.33;2,376.98;2,369.19;2,374.15
21.04.2017;2,354.74;2,356.18;2,344.51;2,348.69
20.04.2017;2,342.69;2,361.37;2,340.91;2,355.84
19.04.2017;2,346.79;2,352.63;2,335.05;2,338.17
18.04.2017;2,342.53;2,348.35;2,334.54;2,342.19
17.04.2017;2,332.62;2,349.14;2,332.51;2,349.01
13.04.2017;2,341.98;2,348.26;2,328.95;2,328.95
12.04.2017;2,352.15;2,352.72;2,341.18;2,344.93
11.04.2017;2,353.92;2,355.22;2,337.25;2,353.78
10.04.2017;2,357.16;2,366.37;2,351.50;2,357.16
07.04.2017;2,356.59;2,363.76;2,350.74;2,355.54
06.04.2017;2,353.79;2,364.16;2,348.90;2,357.49
05.04.2017;2,366.59;2,378.36;2,350.52;2,352.95
04.04.2017;2,354.76;2,360.53;2,350.72;2,360.16
03.04.2017;2,362.34;2,365.87;2,344.73;2,358.84
31.03.2017;2,364.82;2,370.35;2,362.60;2,362.72
30.03.2017;2,361.31;2,370.42;2,358.58;2,368.06
29.03.2017;2,356.54;2,363.36;2,352.94;2,361.13
28.03.2017;2,339.79;2,363.78;2,337.63;2,358.57
27.03.2017;2,329.11;2,344.90;2,322.25;2,341.59
24.03.2017;2,350.42;2,356.22;2,335.74;2,343.98
23.03.2017;2,345.97;2,358.92;2,342.13;2,345.96
22.03.2017;2,343.00;2,351.81;2,336.45;2,348.45
21.03.2017;2,379.32;2,381.93;2,341.90;2,344.02
20.03.2017;2,378.24;2,379.55;2,369.66;2,373.47
17.03.2017;2,383.71;2,385.71;2,377.64;2,378.25
16.03.2017;2,387.71;2,388.10;2,377.18;2,381.38
15.03.2017;2,370.34;2,390.01;2,368.94;2,385.26
14.03.2017;2,368.55;2,368.55;2,358.18;2,365.45
13.03.2017;2,371.56;2,374.42;2,368.52;2,373.47
10.03.2017;2,372.52;2,376.86;2,363.04;2,372.60
09.03.2017;2,363.49;2,369.08;2,354.54;2,364.87
08.03.2017;2,369.81;2,373.09;2,361.01;2,362.98
07.03.2017;2,370.74;2,375.12;2,365.51;2,368.39
06.03.2017;2,375.23;2,378.80;2,367.98;2,375.31
03.03.2017;2,380.92;2,383.89;2,375.39;2,383.12
02.03.2017;2,394.75;2,394.75;2,380.17;2,381.92
01.03.2017;2,380.13;2,400.98;2,380.13;2,395.96
28.02.2017;2,366.08;2,367.79;2,358.96;2,363.64
27.02.2017;2,365.23;2,371.54;2,361.87;2,369.75
24.02.2017;2,355.73;2,367.34;2,352.87;2,367.34
23.02.2017;2,367.50;2,368.26;2,355.09;2,363.81
22.02.2017;2,361.11;2,365.13;2,358.34;2,362.82
21.02.2017;2,354.91;2,366.71;2,354.91;2,365.38
17.02.2017;2,343.01;2,351.16;2,339.58;2,351.16
16.02.2017;2,349.64;2,351.31;2,338.87;2,347.22
15.02.2017;2,335.58;2,351.30;2,334.81;2,349.25
14.02.2017;2,326.12;2,337.58;2,322.17;2,337.58
13.02.2017;2,321.72;2,331.58;2,321.42;2,328.25
10.02.2017;2,312.27;2,319.23;2,311.10;2,316.10
09.02.2017;2,296.70;2,311.08;2,296.61;2,307.87
08.02.2017;2,289.55;2,295.91;2,285.38;2,294.67
07.02.2017;2,295.87;2,299.40;2,290.16;2,293.08
06.02.2017;2,294.28;2,296.18;2,288.57;2,292.56
03.02.2017;2,288.54;2,298.31;2,287.88;2,297.42
02.02.2017;2,276.69;2,283.97;2,271.65;2,280.85
01.02.2017;2,285.59;2,289.14;2,272.44;2,279.55
31.01.2017;2,274.02;2,279.09;2,267.21;2,278.87
30.01.2017;2,286.01;2,286.01;2,268.04;2,280.90
27.01.2017;2,299.02;2,299.02;2,291.62;2,294.69
26.01.2017;2,298.63;2,300.99;2,294.08;2,296.68
25.01.2017;2,288.88;2,299.55;2,288.88;2,298.37
24.01.2017;2,267.88;2,284.63;2,266.68;2,280.07
23.01.2017;2,267.78;2,271.78;2,257.02;2,265.20
20.01.2017;2,269.96;2,276.96;2,265.01;2,271.31
19.01.2017;2,271.90;2,274.33;2,258.41;2,263.69
18.01.2017;2,269.14;2,272.01;2,263.35;2,271.89
17.01.2017;2,269.14;2,272.08;2,262.81;2,267.89
13.01.2017;2,272.74;2,278.68;2,271.51;2,274.64
12.01.2017;2,271.14;2,271.78;2,254.25;2,270.44
11.01.2017;2,268.60;2,275.32;2,260.83;2,275.32
10.01.2017;2,269.72;2,279.27;2,265.27;2,268.90
09.01.2017;2,273.59;2,275.49;2,268.90;2,268.90
06.01.2017;2,271.14;2,282.10;2,264.06;2,276.98
05.01.2017;2,268.18;2,271.50;2,260.45;2,269.00
04.01.2017;2,261.60;2,272.82;2,261.60;2,270.75
03.01.2017;2,251.57;2,263.88;2,245.13;2,257.83
