Date,Estimated TWh per Year,Minimum TWh per Year
2017/2/10,9.585659451,3.331026429
2017/2/11,9.547335368,3.316227361
2017/2/12,9.578774259,3.198969144
2017/2/13,9.476506126,3.045178216
2017/2/14,9.544807316,3.15006245
2017/2/15,9.569005513,3.337439903
2017/2/16,9.392170135,3.330369055
2017/2/17,9.323758505,3.238448041
2017/2/18,9.326973592,3.173320645
2017/2/19,9.319239358,3.189253456
2017/2/20,9.290790166,3.270461299
2017/2/21,9.439585294,3.207709784
2017/2/22,9.509756965,3.082206755
2017/2/23,9.507110452,3.11911941
2017/2/24,9.474554609,3.030529037
2017/2/25,9.634632123,3.237239909
2017/2/26,9.826988513,3.377508001
2017/2/27,10.14607649,3.783547214
2017/2/28,10.18761552,3.676500512
2017/3/01,10.23358511,3.621131529
2017/3/02,10.42811077,3.366434204
2017/3/03,10.42170831,3.36143496
2017/3/04,10.40034133,3.333886732
2017/3/05,10.40379359,3.426494697
2017/3/06,10.4032793,3.345462728
2017/3/07,10.40558498,3.326169402
2017/3/08,10.42542252,3.279865419
2017/3/09,10.47280328,3.407201371
2017/3/10,10.37193381,3.434212027
2017/3/11,10.37319927,3.538395988
2017/3/12,10.31977351,3.38404938
2017/3/13,10.30086794,3.557689314
2017/3/14,10.35088549,3.441929358
2017/3/15,10.45485538,3.615569292
2017/3/16,10.45756391,3.364756054
2017/3/17,10.49849531,3.438060054
2017/3/18,10.49507375,3.441954731
2017/3/19,10.13413349,3.784556706
2017/3/20,10.43623165,3.804475426
2017/3/21,10.75945568,3.64512567
2017/3/22,10.79773845,3.48179217
2017/3/23,10.44476342,3.465857194
2017/3/24,10.17556438,3.465857194
2017/3/25,9.588048924,3.754608489
2017/3/26,9.72600567,3.649109413
2017/3/27,9.921831997,3.704881828
2017/3/28,10.43471515,3.473824682
2017/3/29,10.44376476,3.712849316
2017/3/30,10.44455226,3.581953582
2017/3/31,10.54137381,3.615104972
2017/4/01,10.7283648,3.577447629
2017/4/02,10.6691877,3.606736674
2017/4/03,10.79494313,3.577447629
2017/4/04,10.88834121,3.748997749
2017/4/05,10.92008557,3.845233182
2017/4/06,10.95153444,3.870338078
2017/4/07,10.95812403,3.717702388
2017/4/08,10.85298826,3.765734346
2017/4/09,10.99852407,3.807575839
2017/4/10,11.00282213,3.853601481
2017/4/11,10.99170869,3.761550197
2017/4/12,11.06188624,3.845967881
2017/4/13,11.18846823,3.768300451
2017/4/14,11.12237797,3.973289017
2017/4/15,11.08617031,3.598203556
2017/4/16,11.20122663,3.598203556
2017/4/17,11.17683599,3.637456685
2017/4/18,11.12642493,3.816276498
2017/4/19,11.11989958,3.73340878
2017/4/20,11.09486289,3.759577533
2017/4/21,11.09782167,3.69415565
2017/4/22,11.15065753,3.824999416
2017/4/23,11.12016201,3.864252546
2017/4/24,11.18354341,4.012542147
2017/4/25,11.22327267,3.916590052
2017/4/26,11.02947629,3.757000249
2017/4/27,11.07839323,3.776735355
2017/4/28,11.16659119,3.724280698
2017/4/29,11.25516116,3.802962684
2017/4/30,11.36310442,3.920985664
2017/5/01,11.48568895,4.017152537
2017/5/02,11.57317683,4.178887731
2017/5/03,11.67243229,4.047751087
2017/5/04,11.73420619,3.942841772
2017/5/05,11.86069445,3.916614443
2017/5/06,11.86586126,3.837932456
2017/5/07,12.04060256,4.073978416
2017/5/08,12.17884767,4.165774067
2017/5/09,12.41624897,4.365216509
2017/5/10,12.76031536,4.051657294
2017/5/11,12.79484942,4.440879001
2017/5/12,12.9649605,4.300196456
2017/5/13,13.10748265,4.103240893
2017/5/14,13.13160415,4.211097511
2017/5/15,13.30536477,4.347090638
2017/5/16,13.51284072,4.576872128
2017/5/17,13.58029782,4.464326092
2017/5/18,13.79743371,4.309575293
2017/5/19,13.67926999,4.11261973
2017/5/20,13.60001479,4.159513911
2017/5/21,13.64131588,4.323643547
2017/5/22,13.68603447,4.356469474
2017/5/23,13.68369598,4.317319825
2017/5/24,13.77534955,4.311780152
2017/5/25,13.79397609,4.681076137
2017/5/26,13.74823093,4.870714616
2017/5/27,13.67648839,4.760923918
2017/5/28,13.54065747,4.661114192
2017/5/29,13.46954595,4.800847808
2017/5/30,13.42781083,4.701038082
2017/5/31,13.55768948,5.010448232
2017/6/01,13.42695484,4.935590938
2017/6/02,13.39471174,5.165153307
2017/6/03,13.57399258,4.955552883
2017/6/04,13.74033446,4.968229218
2017/6/05,13.93829288,4.911154107
2017/6/06,14.17849,5.729679791
2017/6/07,14.02485366,4.956627756
2017/6/08,14.48604131,5.496627339
2017/6/09,14.65897896,5.507995752
2017/6/10,14.80516808,5.985469068
2017/6/11,14.91153929,5.183996002
2017/6/12,14.67423026,4.990732993
2017/6/13,14.71070122,5.081680291
2017/6/14,14.43434609,4.916838313
2017/6/15,14.15035922,4.87704887
2017/6/16,13.8863513,4.80315419
2017/6/17,14.01387729,5.158798118
2017/6/18,13.92526389,5.149469696
2017/6/19,13.86719739,5.197149971
2017/6/20,13.89498101,5.012388905
2017/6/21,14.29334644,5.203110005
2017/6/22,13.95638263,5.185229902
2017/6/23,13.87520516,4.988548768
2017/6/24,13.98524252,5.125629558
2017/6/25,14.01043844,5.185229902
2017/6/26,14.01646781,5.381911036
2017/6/27,13.9089854,4.917028355
2017/6/28,13.86589122,4.869348081
2017/6/29,13.8173456,4.82762784
2017/6/30,13.71867213,4.899148252
2017/7/01,13.65552939,5.031061934
2017/7/02,13.66712553,5.127490252
2017/7/03,13.96296859,5.762491938
2017/7/04,14.22613627,6.136371436
2017/7/05,14.29997114,6.029548722
2017/7/06,14.53884576,5.8099687
2017/7/07,14.54580149,5.471696774
2017/7/08,14.31789794,5.263985942
2017/7/09,14.34551704,5.341135679
2017/7/10,14.4284005,5.574948149
2017/7/11,14.80735533,5.639561038
2017/7/12,14.89625148,5.614127059
2017/7/13,14.70325136,5.620061654
2017/7/14,14.64606842,5.68619
2017/7/15,14.57452076,5.742059846
2017/7/16,14.4890385,5.821651092
2017/7/17,14.55581873,5.885408508
2017/7/18,14.55863014,5.920934446
2017/7/19,14.59408367,5.896520733
2017/7/20,14.53293507,5.926260425
2017/7/21,14.49193565,5.933912352
2017/7/22,14.54843992,6.026134505
2017/7/23,14.61932662,6.113720871
2017/7/24,14.70990982,6.1964948
2017/7/25,14.68403755,6.314880767
2017/7/26,14.63303797,6.456366436
2017/7/27,14.7055363,6.526628027
2017/7/28,14.76498795,6.514871294
2017/7/29,14.86871748,6.474267982
2017/7/30,14.92347845,6.495708031
2017/7/31,14.95751017,6.548384475
2017/8/01,15.04847422,6.551966688
2017/8/02,15.13272925,6.493446274
2017/8/03,15.21176465,6.451325146
2017/8/04,15.31137187,6.489630529
2017/8/05,15.41789652,6.512271169
2017/8/06,15.46124651,6.496834369
2017/8/07,15.43638063,6.542115648
2017/8/08,15.42292968,6.609008446
2017/8/09,15.42930179,6.694425403
2017/8/10,15.40525682,6.730024237
2017/8/11,15.49484875,6.7539902
2017/8/12,15.65512154,6.806420848
2017/8/13,15.76792748,6.774784758
2017/8/14,15.91424544,6.646460534
2017/8/15,16.01642538,6.574967392
2017/8/16,15.98617456,6.486605177
2017/8/17,16.02257221,6.498894455
2017/8/18,16.0411927,6.463550365
2017/8/19,15.95657048,6.484535919
2017/8/20,16.05656651,6.572896142
2017/8/21,16.10102718,6.754034601
2017/8/22,16.02812575,6.841290322
2017/8/23,16.05003291,6.839081316
2017/8/24,16.14957622,6.637066674
2017/8/25,16.22466043,6.6361701
2017/8/26,16.25491286,6.428745757
2017/8/27,16.3037508,6.273182864
2017/8/28,16.36155317,5.864537687
2017/8/29,16.22404349,5.567788544
2017/8/30,16.24774286,5.483495209
2017/8/31,16.37410016,5.597553355
2017/9/01,16.36844009,5.616679392
2017/9/02,16.25878942,5.818565333
2017/9/03,16.36241283,6.088454959
2017/9/04,16.32732552,6.445474308
2017/9/05,16.54649728,7.087015898
2017/9/06,16.64771161,7.73335037
2017/9/07,16.64385594,7.849169891
2017/9/08,16.69304178,7.893418892
2017/9/09,16.69722133,8.160968484
2017/9/10,16.56997239,8.354811337
2017/9/11,16.65115697,8.495542848
2017/9/12,16.73155405,8.561466786
2017/9/13,16.80262739,8.57673756
2017/9/14,16.85903398,8.69855995
2017/9/15,16.94557463,8.916277294
2017/9/16,17.07544504,8.942531775
2017/9/17,17.16357787,8.976238721
2017/9/18,17.30170898,8.992827054
2017/9/19,17.43745138,9.076115108
2017/9/20,17.54421107,9.221437239
2017/9/21,17.68044012,9.461806363
2017/9/22,17.77396989,9.455305109
2017/9/23,17.90704783,9.423781278
2017/9/24,18.00053801,9.430015765
2017/9/25,18.13577273,9.615419708
2017/9/26,18.27367965,9.780133783
2017/9/27,18.38147912,9.802294779
2017/9/28,18.53097741,9.637996958
2017/9/29,18.64041965,9.643780017
2017/9/30,18.79189634,9.653283518
2017/10/01,18.90449579,9.683526364
2017/10/02,19.05812323,9.651116898
2017/10/03,19.21054777,9.826947123
2017/10/04,19.32368792,10.0477589
2017/10/05,19.47730394,10.35558288
2017/10/06,19.59198859,10.67557807
2017/10/07,19.75024531,11.0970752
2017/10/08,19.8700158,11.30370372
2017/10/09,20.03361829,11.21685034
2017/10/10,20.17078309,10.89921608
2017/10/11,20.33135329,10.71901157
2017/10/12,20.51658916,10.54990306
2017/10/13,20.66887135,10.34311655
2017/10/14,20.87156356,10.06350063
2017/10/15,21.03343752,9.828678884
2017/10/16,21.2400444,9.912917438
2017/10/17,21.39373573,9.946726398
2017/10/18,21.59336974,10.06140325
2017/10/19,21.75271442,10.16493252
2017/10/20,21.96502961,10.22931864
2017/10/21,22.13480199,10.15680918
2017/10/22,22.34502751,10.30277709
2017/10/23,22.50419716,10.36107621
2017/10/24,22.70695634,10.54913181
2017/10/25,22.91032749,10.50153844
2017/10/26,23.07236158,10.4728236
2017/10/27,23.27889856,10.57809425
2017/10/28,23.43290985,10.90237668
2017/10/29,23.64657506,11.57943065
2017/10/30,23.81760476,12.23889788
2017/10/31,24.05352146,12.4342151
2017/11/01,24.25011745,12.59202136
2017/11/02,24.515028,12.62076725
2017/11/03,24.73412896,12.61052648
2017/11/04,25.02138422,12.55429098
2017/11/05,25.25464835,11.9938852
2017/11/06,25.5408687,11.41444878
2017/11/07,25.75666402,11.24018971
2017/11/08,26.04641977,11.23500702
2017/11/09,26.2743972,11.36396875
2017/11/10,26.55776316,11.46522511
2017/11/11,26.77696773,11.45972238
2017/11/12,27.0543363,11.58680277
2017/11/13,27.28211625,12.08085526
2017/11/14,27.60110044,12.45156964
2017/11/15,27.89087595,12.71517871
2017/11/16,28.24771555,12.53373642
2017/11/17,28.47589348,12.38596785
2017/11/18,28.67077634,12.24447934
2017/11/19,28.85578233,11.99675334
2017/11/20,29.05196431,11.58592679
2017/11/21,29.24363594,11.3394601
2017/11/22,29.51792139,11.28992946
2017/11/23,29.8636234,11.58405508
2017/11/24,30.13314862,11.90728891
2017/11/25,30.15605662,12.13959979
2017/11/26,30.13797039,12.26514438
2017/11/27,30.22558991,12.28910718
2017/11/28,30.2454333,12.26295329
2017/11/29,30.28689413,12.17277328
2017/11/30,30.59224177,12.09559908
2017/12/01,30.98987743,12.02352778
2017/12/02,31.04891891,12.02003207
2017/12/03,31.25290255,12.20364515
2017/12/04,31.60244981,12.31670069
2017/12/05,31.96057625,12.46179243
2017/12/06,32.36258612,12.56375725
2017/12/07,32.55594227,12.68654483
2017/12/08,32.52960102,12.70099415
2017/12/09,32.5617337,13.07550612
2017/12/10,32.56496472,13.26374794
2017/12/11,32.68430854,13.3435723
2017/12/12,32.71456323,13.53336083
2017/12/13,32.72847682,13.746954
2017/12/14,33.17569184,13.96248474
2017/12/15,33.73385253,14.22766963
2017/12/16,34.34173602,14.24231302
2017/12/17,34.96011725,14.43105377
2017/12/18,34.86295718,14.67904769
2017/12/19,35.13674531,14.7664647
2017/12/20,35.76707866,14.82256198
2017/12/21,36.31843168,15.36140429
2017/12/22,36.74936697,15.76520103
2017/12/23,37.01936157,15.87895429
2017/12/24,37.12603982,15.81993112
2017/12/25,37.16997921,15.80938678
2017/12/26,37.15611743,15.95601501
2017/12/27,37.10824156,16.05069011
2017/12/28,36.94876778,15.62082478
2017/12/29,36.80656015,15.34237937
2017/12/30,36.63191951,15.3145931
2017/12/31,36.67764965,15.52552432
2018/1/01,36.79505128,15.6865537
2018/1/02,36.96452518,15.70443292
2018/1/03,37.21594172,15.95323111
2018/1/04,37.48566299,16.31509117
2018/1/05,37.80285233,16.5891476
2018/1/06,38.20970105,16.89621174
2018/1/07,38.59765029,16.99783438
2018/1/08,39.02654361,17.20259483
2018/1/09,39.44027898,17.3508014
2018/1/10,39.84401302,17.37951482
2018/1/11,40.23973172,17.35983599
2018/1/12,40.63729878,17.51320314
2018/1/13,41.04500007,17.66211155
2018/1/14,41.42350248,17.83652328
2018/1/15,41.79217877,17.94530684
2018/1/16,42.10497099,18.43937149
2018/1/17,42.38363657,18.81314753
2018/1/18,42.69104878,18.98696055
2018/1/19,43.09157667,19.26271239
2018/1/20,43.43634431,19.53780343
2018/1/21,43.73848531,19.88288291
2018/1/22,44.01650448,20.31935356
2018/1/23,44.27559607,20.4699235
2018/1/24,44.54044699,20.84147527
2018/1/25,44.89363109,21.341301
2018/1/26,45.15081238,21.50784578
2018/1/27,45.40928841,21.57728087
2018/1/28,45.64070438,21.92161504
2018/1/29,45.92585336,22.19651112
2018/1/30,46.15873526,22.13396419
2018/1/31,46.44283312,22.11152363
2018/2/01,46.67768892,22.1971956
2018/2/02,46.86476055,22.50521398
2018/2/03,47.06552624,22.60400403
2018/2/04,47.25995026,22.36494451
2018/2/05,47.41725387,22.42246493
2018/2/06,47.65398373,22.82460477
2018/2/07,47.82571658,23.11777372
2018/2/08,48.00364244,23.16309388
2018/2/09,48.18476625,23.63298474
2018/2/10,48.36623881,24.04909891
2018/2/11,48.53991642,24.22821263
2018/2/12,48.81919913,24.10932295
2018/2/13,48.9997561,24.10915046
2018/2/14,49.19392283,24.10553035
2018/2/15,49.40386611,24.66461666
2018/2/16,49.61790609,24.5780341
2018/2/17,49.84861366,24.77600119
2018/2/18,50.07551125,25.02589584
2018/2/19,50.40651227,25.43969588
2018/2/20,50.64939106,25.72023291
2018/2/21,50.87770061,25.80520751
2018/2/22,51.09134107,25.4652547
2018/2/23,51.30347068,25.50685371
2018/2/24,51.50935435,25.50730679
2018/2/25,51.81572796,25.80578526
2018/2/26,52.03070872,25.74919396
2018/2/27,52.25401482,25.71227843
2018/2/28,52.47599972,25.71304706
2018/3/01,52.69364052,25.92676296
2018/3/02,52.93536754,25.88591744
2018/3/03,53.28018806,25.94953416
2018/3/04,53.51755874,25.90562817
2018/3/05,53.75868124,26.19715107
2018/3/06,53.98783171,26.31513387
2018/3/07,54.20272226,26.87530128
2018/3/08,54.40124097,27.07837216
2018/3/09,54.6899047,27.42897045
2018/3/10,54.87697494,27.73756173
2018/3/11,55.06627396,28.03624252
2018/3/12,55.25907771,28.04042448
2018/3/13,55.44554282,28.03767091
2018/3/14,55.6187077,27.82041855
2018/3/15,55.78309451,27.99714471
2018/3/16,56.0579081,28.06251453
2018/3/17,56.21739883,27.88089654
2018/3/18,56.3704105,27.59986896
2018/3/19,56.53481479,27.69922068
2018/3/20,56.70643482,27.91276063
2018/3/21,56.88630344,28.19260223
2018/3/22,57.17413129,28.10911191
2018/3/23,57.34686868,28.00256199
2018/3/24,57.51553716,28.08437403
2018/3/25,57.69261367,28.12884889
2018/3/26,57.85589108,28.09571526
2018/3/27,58.01324538,27.84601497
2018/3/28,58.28701648,27.65187954
2018/3/29,58.43151825,27.51482405
2018/3/30,58.56419846,27.53026529
2018/3/31,58.69775696,27.54349492
2018/4/01,58.82648154,27.85884011
2018/4/02,58.95878294,27.91659655
2018/4/03,59.09854708,28.16178495
2018/4/04,59.34864739,28.24766174
2018/4/05,59.47660481,28.58454546
2018/4/06,59.60171325,28.7755054
2018/4/07,59.7320426,28.9277243
2018/4/08,59.86518161,28.83320477
2018/4/09,59.99508108,29.18033556
2018/4/10,60.24248699,29.5664031
2018/4/11,60.37173949,29.9800731
2018/4/12,60.51178934,29.66034778
2018/4/13,60.664225,29.73888125
2018/4/14,60.81792421,29.8411975
2018/4/15,60.97582987,30.07490226
2018/4/16,61.24888687,30.50645605
2018/4/17,61.40130249,30.76278509
2018/4/18,61.55525286,31.15144375
2018/4/19,61.71423679,31.25963173
2018/4/20,61.88163088,31.60042432
2018/4/21,62.05703793,32.18296763
2018/4/22,62.23500903,32.78873441
2018/4/23,62.53992467,32.77660647
2018/4/24,62.73183805,32.90985693
2018/4/25,62.91806015,33.10102224
2018/4/26,63.10323636,33.40683671
2018/4/27,63.29558608,33.18100199
2018/4/28,63.48721024,32.78439199
2018/4/29,63.80469827,32.38520023
2018/4/30,63.99234199,31.84148318
2018/5/01,64.17224948,31.55811026
2018/5/02,64.35515692,31.52753542
2018/5/03,64.54465865,31.78540368
2018/5/04,64.73979869,32.15609694
2018/5/05,64.93872257,32.49539376
2018/5/06,65.26042551,32.66047487
2018/5/07,65.44964701,33.06319737
2018/5/08,65.63444961,33.22816941
2018/5/09,65.81848539,33.1262138
2018/5/10,66.00318806,32.72915994
2018/5/11,66.17383574,32.61671842
2018/5/12,66.46633221,32.51198059
2018/5/13,66.6376244,32.6369819
2018/5/14,66.80724637,32.83571936
2018/5/15,66.97578817,33.03903813
2018/5/16,67.13791298,33.20197893
2018/5/17,67.29751406,33.3832388
2018/5/18,67.58386406,33.505651
2018/5/19,67.74355001,34.06238573
2018/5/20,67.90955984,34.09705052
2018/5/21,68.07572879,34.13034684
2018/5/22,68.23667769,34.02120019
2018/5/23,68.38694028,34.17518306
2018/5/24,68.53050013,34.40659228
2018/5/25,68.81109172,34.51994684
2018/5/26,68.95548145,34.17721616
2018/5/27,69.0981038,34.62422145
2018/5/28,68.80789371,35.25575665
2018/5/29,69.10860594,35.77194523
2018/5/31,69.39575322,36.52532352
2018/6/01,69.66027488,36.9415964
2018/6/02,69.9490533,39.05529213
2018/6/03,70.09968569,41.20161552
2018/6/04,70.24780075,43.74969146
2018/6/05,70.39398367,43.80289224
2018/6/06,70.54310955,43.9195692
2018/6/07,70.69351311,44.05535664
2018/6/08,70.84210521,45.53671153
2018/6/09,71.12432132,44.54539235
2018/6/10,71.12432132,43.1862816
2018/6/11,71.12432132,40.96182607
2018/6/12,71.12432132,40.97238294
2018/6/13,71.12432132,40.468424
2018/6/14,71.12432132,40.12432154
2018/6/15,71.12432132,39.03852112
2018/6/16,71.12432132,38.81551827
2018/6/17,71.12432132,38.81044392
2018/6/18,71.12432132,39.16650506
2018/6/19,71.12432132,39.81503816
2018/6/20,71.12432132,40.52785553
2018/6/21,71.12432132,41.00582105
2018/6/22,71.12432132,41.66205078
2018/6/23,71.12432132,42.31484153
2018/6/24,71.12432132,43.01401501
2018/6/25,71.12432132,43.32778262
2018/6/26,71.12432132,43.54747666
2018/6/27,71.12432132,44.20094904
2018/6/28,71.12432132,44.90080302
2018/6/29,71.12432132,44.54895784
2018/6/30,71.12432132,43.67079537
2018/7/01,71.12432132,42.88305443
2018/7/02,71.12432132,42.32581823
2018/7/03,71.12432132,41.9019575
2018/7/04,71.12432132,41.38183697
2018/7/05,71.12432132,40.77351407
2018/7/06,71.12432132,40.53668478
2018/7/07,71.12432132,40.46203829
2018/7/08,71.12432132,40.7913816
2018/7/09,71.12432132,41.42195384
2018/7/10,71.12432132,41.99574879
2018/7/11,71.12432132,42.31250807
2018/7/12,71.12432132,42.59490806
2018/7/13,71.12432132,43.04542614
2018/7/14,71.12432132,43.5075923
2018/7/15,71.12432132,43.52002833
2018/7/16,71.12432132,42.95825394
2018/7/17,71.12432132,42.11152545
2018/7/18,71.12432132,41.59668735
2018/7/19,71.12432132,41.02710558
2018/7/20,71.12432132,41.05381155
2018/7/21,71.12432132,41.56720916
2018/7/22,71.12432132,42.51134827
2018/7/23,71.42021274,43.32462097
2018/7/24,71.77731381,44.75418427
2018/7/25,71.95349449,44.75418427
2018/7/26,72.16935497,46.32747208
2018/7/27,72.38586304,47.22565329
2018/7/28,72.60302062,47.50815577
2018/7/29,72.82082969,45.74614003
2018/7/30,73.03929218,45.83796523
2018/7/31,73.12146138,46.06400684
2018/8/01,73.12146138,46.53611578
2018/8/02,73.12146138,46.75314144
2018/8/03,73.12146138,46.53481722
2018/8/04,73.12146138,46.81138055
2018/8/05,73.12146138,48.95074379
2018/8/06,73.12146138,49.87618019
2018/8/07,73.12146138,50.95695544
2018/8/08,73.12146138,51.12969517
2018/8/09,73.12146138,50.94276889
2018/8/10,73.12146138,51.01353042
2018/8/11,73.12146138,51.0012688
2018/8/12,73.12146138,51.0897336
2018/8/13,73.12146138,50.78206191
2018/8/14,73.12146138,51.47570677
2018/8/15,73.12146138,52.14554227
2018/8/16,73.12146138,52.71177915
2018/8/17,73.12146138,53.29078177
2018/8/18,73.12146138,53.80810807
2018/8/19,73.12146138,54.28749944
2018/8/20,73.12146138,54.90109886
2018/8/21,73.12146138,54.29162598
2018/8/22,73.12146138,53.73139094
2018/8/23,73.12146138,53.69055799
2018/8/24,73.12146138,53.82059628
2018/8/25,73.12146138,53.97987565
2018/8/26,73.12146138,53.75387353
2018/8/27,73.12146138,53.63211041
2018/8/28,73.12146138,53.79587396
2018/8/29,73.12146138,54.75282479
2018/8/30,73.12146138,56.11024046
2018/8/31,73.12146138,57.10942672
2018/9/01,73.12146138,57.60863413
2018/9/02,73.12146138,57.85327066
2018/9/03,73.12146138,58.00772354
2018/9/04,73.12146138,57.89566466
2018/9/05,73.12146138,57.36725574
2018/9/06,73.12146138,56.10438666
2018/9/07,73.12146138,54.74980677
2018/9/08,73.12146138,54.47572005
2018/9/09,73.12146138,54.41002659
2018/9/10,73.12146138,54.76991852
2018/9/11,73.12146138,55.14245192
2018/9/12,73.12146138,55.55287197
2018/9/13,73.12146138,56.36463049
2018/9/14,73.12146138,57.42532583
2018/9/15,73.12146138,57.76317407
2018/9/16,73.12146138,57.9924411
2018/9/17,73.12146138,57.5006732
2018/9/18,73.12146138,56.89285609
2018/9/19,73.12146138,56.0869915
2018/9/20,73.12146138,55.63172391
2018/9/21,73.12146138,55.49351041
2018/9/22,73.12146138,55.3474848
2018/9/23,73.12146138,55.68212286
2018/9/24,73.12146138,56.14441126
2018/9/25,73.12146138,56.79266905
2018/9/26,73.12146138,57.8173174
2018/9/27,73.12146138,58.72771132
2018/9/28,73.12146138,59.45075463
2018/9/29,73.12146138,59.63180131
2018/9/30,73.12146138,59.49232058
2018/10/01,73.12146138,59.54867895
2018/10/02,73.12146138,60.0516567
2018/10/03,73.12146138,60.25197195
2018/10/04,73.12146138,60.0920274
2018/10/05,73.12146138,59.72789679
2018/10/06,73.12146138,59.84049296
2018/10/07,73.12146138,59.8900529
2018/10/08,73.12146138,59.44441092
2018/10/09,73.12146138,58.61609699
2018/10/10,73.12146138,57.70906584
2018/10/11,73.12146138,57.02632514
2018/10/12,73.12146138,56.37082203
2018/10/13,73.12146138,56.25253998
2018/10/14,73.12146138,56.57270751
2018/10/15,73.12146138,57.09775735
2018/10/16,73.12146138,56.89844536
2018/10/17,73.12146138,57.02986685
2018/10/18,73.12146138,57.23135548
2018/10/19,73.12146138,57.85047923
2018/10/20,73.12146138,57.67792601
2018/10/21,73.12146138,56.85129868
2018/10/22,73.12146138,56.25038207
2018/10/23,73.12146138,56.52656634
2018/10/24,73.12146138,56.81223979
2018/10/25,73.12146138,57.14841899
2018/10/26,73.12146138,56.59585527
2018/10/27,73.12146138,55.82236464
2018/10/28,73.12146138,55.45914584
2018/10/29,73.12146138,55.63394456
2018/10/30,73.12146138,55.79567325
2018/10/31,73.12146138,55.52872704
2018/11/01,73.12146138,55.02550518
2018/11/02,73.12146138,55.60573801
2018/11/03,73.12146138,56.4539667
2018/11/04,73.12146138,58.00699765
2018/11/05,73.12146138,58.6375838
2018/11/06,73.12146138,58.31245677
2018/11/07,73.12146138,58.21384813
2018/11/08,73.12146138,58.00771217
2018/11/09,73.12146138,57.386626
2018/11/10,73.12146138,56.57209227
2018/11/11,73.12146138,54.71573863
2018/11/12,73.12146138,52.93248932
2018/11/13,73.12146138,52.48589165
2018/11/14,73.12146138,52.32703284
2018/11/15,73.12146138,52.50574844
2018/11/16,73.12146138,52.17092564
2018/11/17,73.12146138,52.13086525
2018/11/18,73.12146138,52.52321717
2018/11/19,71.90524798,52.50048108
2018/11/20,64.52425413,51.9320311
2018/11/21,64.93793176,51.16193537
2018/11/22,64.36576742,49.98464718
2018/11/23,61.49879653,49.01266611
2018/11/24,58.78865727,48.10010062
2018/11/25,54.05654944,46.7919119
2018/11/26,53.28769255,46.43402326
2018/11/27,52.40842152,46.15906032
2018/11/28,52.56564678,45.76705401
2018/11/29,52.72334372,45.44694892
2018/11/30,52.88151375,45.40934915
2018/12/01,53.04015829,45.15594916
2018/12/02,53.19927877,44.79197901
2018/12/03,53.21549106,43.90136213
2018/12/04,53.24825079,43.4645221
2018/12/05,51.91669166,43.18688221
2018/12/06,49.4925587,42.07345096
2018/12/07,45.54798979,41.22249719
2018/12/08,45.36248033,40.76284084
2018/12/09,45.49591582,40.75853638
2018/12/10,45.51542758,40.71883072
2018/12/11,44.71085299,39.95292047
2018/12/12,44.83286126,39.15826848
2018/12/13,44.22534605,39.47961863
2018/12/14,42.64646712,39.49497352
2018/12/15,42.01287149,39.31668085
2018/12/16,42.1389101,39.3315041
2018/12/17,42.26532683,40.02029988
2018/12/18,42.39212281,40.81434148
2018/12/19,42.51929918,41.30465477
2018/12/20,42.64685708,41.51356044
2018/12/21,42.77479765,41.53687164
2018/12/22,42.90312204,41.73178721
2018/12/23,43.03183141,41.45529773
2018/12/24,43.1609269,41.09403302
2018/12/25,43.29040968,41.2199758
2018/12/26,43.42028091,41.9206208
2018/12/27,43.55054175,42.73910008
2018/12/28,43.68119338,43.39381854
2018/12/29,44.0536066,44.0536066
2018/12/30,45.06420434,45.06420434
2018/12/31,45.805408,45.805408
2019/1/01,45.84451045,45.84451045
2019/1/02,45.48952921,45.48952921
2019/1/03,45.66169484,45.66169484
2019/1/04,46.17833291,46.17833291
2019/1/05,46.36878085,46.36878085
2019/1/06,46.5598399,46.5598399
2019/1/07,47.00349686,47.00349686
2019/1/08,47.33622847,47.33622847
2019/1/09,47.65479974,47.65479974
2019/1/10,47.37483899,47.37483899
2019/1/11,47.38465506,47.38465506
2019/1/12,47.84522254,47.84522254
2019/1/13,47.95177269,47.95177269
2019/1/14,47.65177364,47.65177364
2019/1/15,47.53175537,47.53175537
2019/1/16,47.31645929,47.31645929
2019/1/17,47.23754718,47.23754718
2019/1/18,46.85114106,46.85114106
2019/1/19,46.65680777,45.99236514
2019/1/20,46.79677819,45.05467534
2019/1/21,46.92016691,44.38325863
2019/1/22,46.93167168,44.34841757
2019/1/23,47.0724667,44.72165552
2019/1/24,47.2136841,45.02721704
2019/1/25,47.34917065,45.22646189
2019/1/26,47.49121816,45.75173728
2019/1/27,47.44379308,46.74207536
2019/1/28,47.29296267,47.29296267
2019/1/29,47.28543841,47.28543841
2019/1/30,47.01375148,47.01375148
2019/1/31,46.93256786,46.93256786
2019/2/01,46.9102676,46.9102676
2019/2/02,46.73344468,46.73344468
2019/2/03,46.55793326,46.55793326
2019/2/04,46.74300315,46.74300315
2019/2/05,47.00426106,47.00426106
2019/2/06,47.10029869,47.10029869
2019/2/07,47.04536729,47.04536729
2019/2/08,47.47815425,47.47815425
2019/2/09,48.20025069,48.20025069
2019/2/10,49.06495228,49.06495228
2019/2/11,49.37774354,49.37774354
2019/2/12,49.38796642,49.38796642
2019/2/13,49.49567305,49.49567305
2019/2/14,49.23149236,49.23149236
2019/2/15,48.5905059,48.5905059
2019/2/16,47.93867989,47.93867989
2019/2/17,46.75519153,46.74995785
2019/2/18,46.8771085,46.06960598
2019/2/19,47.01773982,45.75931062
2019/2/20,47.15879304,45.96343081
2019/2/21,47.30026942,46.61624817
2019/2/22,47.44217023,46.77071061
2019/2/23,47.58449674,46.32729066
2019/2/24,47.72725023,45.94271299
2019/2/25,47.87043198,45.94950417
2019/2/26,48.01404328,45.84490327
2019/2/27,48.15808541,45.21381557
2019/2/28,48.30255967,44.22852499
2019/3/01,48.44746734,43.85382373
2019/3/02,48.59280975,44.07268484
2019/3/03,48.73858818,44.62877225
2019/3/04,48.88480394,44.83059945
2019/3/05,49.03145835,44.89384985
2019/3/06,49.17855273,44.53792129
2019/3/07,49.32608839,44.32209278
2019/3/08,49.47406665,43.87552808
2019/3/09,49.62248885,43.25694145
2019/3/10,49.77135632,42.49829064
2019/3/11,49.92067039,41.79390506
2019/3/12,50.0704324,41.33219759
2019/3/13,50.22064369,41.02432741
2019/3/14,50.37130563,41.00841939
2019/3/15,50.52241954,40.76577757
2019/3/16,50.6739868,40.75100004
2019/3/17,50.82600876,40.94538676
2019/3/18,50.97848679,41.32255661
2019/3/19,51.13142225,41.84068111
2019/3/20,51.28481651,42.28124592
2019/3/21,51.43867096,42.72609428
2019/3/22,51.59298698,43.45607881
2019/3/23,51.74776594,43.91275665
2019/3/24,51.90300924,44.06375937
2019/3/25,52.05871826,43.75481003
2019/3/26,52.21489442,43.6863913
2019/3/27,52.3715391,43.53555434
2019/3/28,52.52865372,43.13201908
2019/3/29,52.68623968,42.67143676
2019/3/30,52.83771262,42.26548931
2019/3/31,52.99622576,41.95280375
2019/4/01,53.15521443,41.78218376
2019/4/02,53.31468008,38.15161354
2019/4/03,53.47462412,40.67476696
2019/4/04,53.62807304,41.01157492
2019/4/05,53.78895726,41.79002303
2019/4/06,53.95032413,43.00656331
2019/4/07,54.1121751,42.14941551
2019/4/08,54.27451163,41.98433307
2019/4/09,54.43733516,41.85936746
2019/4/10,54.60064717,41.58786335
2019/4/11,54.76444911,40.71451018
2019/4/12,54.92874246,39.77662268
2019/4/13,55.09352868,38.4688378
2019/4/14,55.25880927,39.19616457
2019/4/15,55.4245857,39.18429313
2019/4/16,55.59085946,38.93114861
2019/4/17,55.75763203,38.50701596
2019/4/18,55.92490493,38.24818392
2019/4/19,56.09267964,37.82653705
2019/4/20,56.26095768,37.52170056
2019/4/21,56.42974056,37.15725238
2019/4/22,56.59902978,36.87667795
2019/4/23,56.76882687,37.07830683
2019/4/24,56.93913335,37.44896404
2019/4/25,57.10995075,37.42631451
2019/4/26,57.2812806,37.12322159
2019/4/27,57.45312444,36.87768673
2019/4/28,57.62548382,36.85889503
2019/4/29,57.79836027,36.99293311
2019/4/30,57.97175535,36.45652191
2019/5/01,58.14567061,35.83313101
2019/5/02,58.32010763,36.12313426
2019/5/03,58.49506795,36.97051788
2019/5/04,58.67055315,38.34123751
2019/5/05,58.84656481,38.44139442
2019/5/06,59.02310451,38.2987986
2019/5/07,59.20017382,38.69379601
2019/5/08,59.37777434,39.19704469
2019/5/09,59.55590766,38.7743739
2019/5/10,59.73457539,38.16172164
2019/5/11,59.91377911,36.83852781
2019/5/12,60.09352045,36.46304076
2019/5/13,60.27380101,36.01364866
2019/5/14,60.45462242,35.67265611
2019/5/15,60.63598628,35.791492
2019/5/16,60.81789424,36.45938615
2019/5/17,61.00034792,36.68496816
2019/5/18,61.18334897,36.90645423
2019/5/19,61.36689901,37.00664856
2019/5/20,61.55099971,37.23999394
2019/5/21,61.73565271,37.57757979
2019/5/22,61.92085967,37.77761108
2019/5/23,62.10662225,37.72042923
2019/5/24,62.29294211,37.96890684
2019/5/25,62.47982094,38.06725257
2019/5/26,62.6672604,38.2771895
2019/5/27,62.85526219,38.34286017
2019/5/28,63.04382797,38.29078258
2019/5/29,63.23295946,38.25056829
2019/5/30,63.42265833,38.32474405
2019/5/31,63.61292631,38.34873326
2019/6/01,63.80376509,38.33111951
2019/6/02,63.98685415,37.12757565
2019/6/03,64.17881472,39.01205354
2019/6/04,64.37135116,38.74999297
2019/6/05,64.56446521,38.21753782
2019/6/06,64.75815861,37.45089326
2019/6/07,64.95243308,37.21862074
2019/6/08,65.14729038,37.43732878
2019/6/09,65.34273225,37.43773157
2019/6/10,65.53876045,37.33142583
2019/6/11,65.73537673,37.61839404
2019/6/12,65.93258286,37.98592104
2019/6/13,66.13038061,38.46401332
2019/6/14,66.32877175,38.28784033
2019/6/15,66.52775807,37.81358924
2019/6/16,66.72734134,37.30448211
2019/6/17,66.92752337,37.50268943
2019/6/18,67.12830594,37.48989933
2019/6/19,67.32969086,37.16477657
2019/6/20,67.53167993,36.80304921
2019/6/21,67.73427497,36.91847557
2019/6/22,67.93747779,37.31506355
2019/6/23,68.14129023,37.35873123
2019/6/24,68.3457141,36.89966277
2019/6/25,68.55075124,36.87759033
2019/6/26,68.75640349,37.42718526
2019/6/27,68.9626727,38.23943993
2019/6/28,69.16956072,38.26476433
2019/6/29,69.3770694,38.51768403
2019/6/30,69.58520061,38.86602133
2019/7/01,69.79395621,39.86889791
2019/7/02,70.00333808,40.45175021
2019/7/03,70.2133481,40.72110863
2019/7/04,70.42398814,40.18943186
2019/7/05,70.6352601,40.47233704
2019/7/06,70.84716589,40.51785685
2019/7/07,71.05970738,41.12796324
2019/7/08,71.2728865,41.48080012
2019/7/09,71.48670516,41.85750463
2019/7/10,71.70116528,41.96511325
2019/7/11,71.91626878,42.52892894
2019/7/12,72.13201758,43.18658657
2019/7/13,72.34841363,43.0670135
2019/7/14,72.56545888,42.42009765
2019/7/15,72.78315525,41.81144214
2019/7/16,73.00150472,41.53346623
2019/7/17,73.12146138,41.3429475
2019/7/18,73.12146138,41.40907103
2019/7/19,73.12146138,41.00889316
2019/7/20,73.12146138,40.84000906
2019/7/21,73.12146138,40.25691639
2019/7/22,73.12146138,39.74708442
2019/7/23,73.12146138,39.6020015
2019/7/24,73.12146138,39.67940869
2019/7/25,73.12146138,39.3671587
2019/7/26,73.12146138,39.22063667
2019/7/27,73.12146138,39.09861689
2019/7/28,73.12146138,39.85787815
2019/7/29,73.12146138,40.46906835
2019/7/30,73.12146138,40.9211969
2019/7/31,73.12146138,41.17939138
2019/8/01,73.12146138,41.67121324
2019/8/02,73.12146138,41.68670979
2019/8/03,73.12146138,42.46844995
2019/8/04,73.12146138,42.60377033
2019/8/05,73.12146138,43.03128823
2019/8/06,73.12146138,42.8275525
2019/8/07,73.12146138,43.91755533
2019/8/08,73.12146138,44.60356398
2019/8/09,73.12146138,45.42138403
2019/8/10,73.12146138,45.14948915
2019/8/11,73.12146138,45.12630769
2019/8/12,73.12146138,44.7612099
2019/8/13,73.12146138,45.04049983
2019/8/14,73.12146138,44.16573135
2019/8/15,73.12146138,43.64798698
2019/8/16,73.12146138,43.1795512
2019/8/17,73.12146138,43.48034555
2019/8/18,73.12146138,43.72410731
2019/8/19,73.12146138,43.87103169
2019/8/20,73.12146138,43.64333773
2019/8/21,73.12146138,43.30015107
2019/8/22,73.12146138,43.30621309
2019/8/23,73.12146138,43.47683146
2019/8/24,73.12146138,43.28477267
2019/8/25,73.12146138,43.02126359
2019/8/26,73.12146138,43.213987
2019/8/27,73.12146138,43.57734859
2019/8/28,73.12146138,44.01522625
2019/8/29,73.12146138,43.86347152
2019/8/30,73.12146138,43.69679632
2019/8/31,73.12146138,44.01280556
2019/9/01,73.12146138,44.61884702
2019/9/02,73.12146138,44.84879994
2019/9/03,73.12146138,45.44426991
2019/9/04,73.12146138,45.99606718
2019/9/05,73.12146138,46.82263867
2019/9/06,73.12146138,47.3666375
2019/9/07,73.12146138,47.94464691
2019/9/08,73.12146138,48.28271656
2019/9/09,73.12146138,48.80120905
2019/9/10,73.12146138,48.78162895
2019/9/11,73.12146138,49.04853525
2019/9/12,73.12146138,49.62832859
2019/9/13,73.12146138,50.58090977
2019/9/14,73.12146138,51.059692
2019/9/15,73.12146138,51.31989159
2019/9/16,73.12146138,52.21116568
2019/9/17,73.12146138,52.57238143
2019/9/18,73.12146138,53.11405525
2019/9/19,73.12146138,53.1853421
2019/9/20,73.12146138,53.57829842
2019/9/21,73.12146138,53.74438344
2019/9/22,73.12146138,54.39870206
2019/9/23,73.12146138,54.22816707
2019/9/24,73.12146138,54.64158219
2019/9/25,73.12146138,54.35695092
2019/9/26,73.12146138,53.92722681
2019/9/27,73.12146138,53.29288077
2019/9/28,73.12146138,53.32643349
2019/9/29,73.12146138,53.94112191
2019/9/30,73.12146138,49.47682715
2019/10/01,73.12146138,49.26353096
2019/10/02,73.12146138,47.53556182
2019/10/03,73.12146138,47.56091354
2019/10/04,73.12146138,47.79184658
2019/10/05,73.12146138,47.3706541
2019/10/06,73.12146138,46.72266567
2019/10/07,73.12146138,46.35817218
2019/10/08,73.12146138,46.9224621
2019/10/09,73.12146138,49.41721756
2019/10/10,73.12146138,50.41349977
2019/10/11,73.12146138,50.70825218
2019/10/12,73.12146138,51.2423892
2019/10/13,73.12146138,51.77938594
2019/10/14,73.12146138,52.10147313
2019/10/15,73.12146138,52.25377855
2019/10/16,73.12146138,51.3943568
2019/10/17,73.12146138,50.85634546
2019/10/18,73.12146138,50.42416163
2019/10/19,73.12146138,50.39938926
2019/10/20,73.12146138,50.13927936
2019/10/21,73.12146138,50.16405173
2019/10/22,73.12146138,49.99890259
2019/10/23,73.12146138,50.61821187
2019/10/24,73.12146138,51.10207984
2019/10/25,73.12146138,51.80719062
2019/10/26,73.12146138,53.07590228
2019/10/27,73.12146138,53.5836716
2019/10/28,73.12146138,53.37265351
2019/10/29,73.12146138,52.90047863
2019/10/30,73.12146138,52.47914992
2019/10/31,73.12146138,51.64351348
2019/11/01,73.12146138,51.07858107
2019/11/02,73.12146138,49.85311231
2019/11/03,73.12146138,48.91445538
2019/11/04,73.12146138,48.66240862
2019/11/05,73.12146138,48.45381819
2019/11/06,73.12146138,48.52334833
2019/11/07,73.12146138,48.68891034
2019/11/08,73.12146138,48.72022839
2019/11/09,73.12146138,48.46217587
2019/11/10,73.12146138,48.09319716
2019/11/11,73.12146138,47.392315
2019/11/12,73.12146138,47.40876381
2019/11/13,73.12146138,47.47565059
2019/11/14,73.12146138,48.16370646
2019/11/15,73.12146138,47.97832415
2019/11/16,73.12146138,48.10453887
2019/11/17,73.12146138,48.69804901
2019/11/18,73.12146138,49.85940225
2019/11/19,73.12146138,50.22678815
2019/11/20,73.12146138,50.21433441
2019/11/21,73.12146138,49.46956453
2019/11/22,73.12146138,49.5417429
2019/11/23,73.12146138,49.39077965
2019/11/24,73.12146138,48.83522793
2019/11/25,73.12146138,48.21795326
2019/11/26,73.12146138,48.07943294
2019/11/27,73.12146138,48.09184311
2019/11/28,73.12146138,47.30268241
2019/11/29,73.12146138,46.41705294
2019/11/30,73.12146138,45.88221728
2019/12/01,73.12146138,46.14708186
2019/12/02,73.12146138,46.09557654
2019/12/03,73.12146138,45.59537238
2019/12/04,73.12146138,45.10465454
2019/12/05,73.12146138,45.76152811
2019/12/06,73.12146138,46.67267094
2019/12/07,73.12146138,47.00082252
2019/12/08,73.12146138,47.11474586
2019/12/09,73.12146138,47.12743998
2019/12/10,73.12146138,47.55287826
2019/12/11,73.12146138,48.0609019
2019/12/12,73.12146138,48.21965533
2019/12/13,73.12146138,47.80117175
2019/12/14,73.12146138,47.47139582
2019/12/15,73.12146138,47.03533785
2019/12/16,73.12146138,46.98339439
2019/12/17,73.12146138,46.69470353
2019/12/18,73.12146138,46.15513239
2019/12/19,73.12146138,44.0332679
2019/12/20,73.12146138,44.47529823
2019/12/21,73.12146138,48.19359939
2019/12/22,73.12146138,48.81775764
2019/12/23,73.12146138,54.48578542
2019/12/24,73.12146138,53.93487043
2019/12/25,73.12146138,54.26568731
2019/12/26,73.12146138,52.15096304
2019/12/27,73.12146138,50.85899585
2019/12/28,73.12146138,50.57559207
2019/12/29,73.12146138,45.16516631
2019/12/30,73.12146138,41.31321999
2019/12/31,73.12146138,41.91050794
2020/1/01,73.12146138,42.10812775
2020/1/02,73.12146138,45.41684942
2020/1/03,73.12146138,46.96824806
2020/1/04,73.12146138,48.0466628
2020/1/05,73.12146138,49.16273927
2020/1/06,73.12146138,49.93885823
2020/1/07,73.12146138,51.0950491
2020/1/08,73.12146138,51.53168139
2020/1/09,73.12146138,51.95420117
2020/1/10,73.12146138,52.27694102
2020/1/11,73.12146138,52.07885043
2020/1/12,73.12146138,51.7398058
2020/1/13,73.12146138,51.40964737
2020/1/14,73.12146138,51.10401545
2020/1/15,73.12146138,50.93632919
2020/1/16,73.12146138,50.84503919
2020/1/17,73.12146138,51.07334239
2020/1/18,73.15409648,51.09232743
2020/1/19,73.16595428,51.55556959
2020/1/20,73.16595428,51.91653773
2020/1/21,73.16595428,51.92457042
2020/1/22,73.16595428,51.73522559
2020/1/23,73.16595428,51.85631372
2020/1/24,73.16595428,51.96876871
2020/1/25,73.16595428,52.43596515
2020/1/26,73.16595428,52.35757574
2020/1/27,73.18927787,52.55934166
2020/1/28,73.23865922,52.61253337
2020/1/29,73.4583752,52.83415709
2020/1/30,73.67875032,52.88948544
2020/1/31,73.89978658,52.62050293
2020/2/01,74.12148594,52.71842809
2020/2/02,74.34385039,52.80980804
2020/2/03,74.52818424,53.05670696
2020/2/04,74.52818424,52.88539471
2020/2/05,74.69587265,52.89743935
2020/2/06,74.91996027,52.6328476
2020/2/07,75.14472015,52.86923908
2020/2/08,75.37015431,52.67318979
2020/2/09,75.59626478,52.10577209
2020/2/10,75.82305357,51.12641059
2020/2/11,76.05052273,50.59662236
2020/2/12,76.2786743,50.49589578
2020/2/13,76.50751032,50.64513547
2020/2/14,76.73703285,50.03675397
2020/2/15,76.96724395,49.21994909
2020/2/16,77.19814568,49.33744295
2020/2/17,77.42974012,49.43670962
2020/2/18,77.59724474,49.83683075
2020/2/19,77.6408111,49.52816231
2020/2/20,77.6493637,49.70740715
2020/2/21,77.68954841,50.14526278
2020/2/22,77.71552078,50.47345845
2020/2/23,77.76154418,50.30111503
2020/2/24,77.78218074,50.46185308
2020/2/25,77.78218074,50.48928648
2020/2/26,77.78218074,50.61273753
2020/2/27,77.78218074,50.26462591
2020/2/28,77.78218074,49.86027137
2020/2/29,77.78218074,49.84450609
2020/3/01,77.78218074,49.92694997
2020/3/02,77.78218074,50.06615117
2020/3/03,77.78218074,50.41780414
2020/3/04,77.78218074,50.94937971
2020/3/05,77.78218074,51.53366648
2020/3/06,77.78218074,52.36608589
2020/3/07,77.78218074,53.14919979
2020/3/08,77.78218074,53.62546892
2020/3/09,77.78218074,53.92049494
2020/3/10,77.78218074,53.81732929
2020/3/11,77.78218074,53.64861057
2020/3/12,76.83752044,53.64948673
2020/3/13,73.33830606,52.92094937
2020/3/14,72.54382772,51.72976067
2020/3/15,71.59602542,50.71429657
2020/3/16,67.27702602,49.89875936
2020/3/17,67.4788571,49.07706297
2020/3/18,67.68129367,47.98060559
2020/3/19,67.88433755,46.20254504
2020/3/19,67.88433755,46.20254504
2020/3/20,68.08799056,44.31189349
2020/3/21,68.29225453,41.55996541
2020/3/22,68.4971313,38.39428323
2020/3/23,68.70262269,35.61792235
2020/3/24,68.90873056,35.12495502
2020/3/25,69.11545675,35.15510405
2020/3/26,69.32280312,35.41990478
2020/3/27,69.53077153,35.67762636
2020/3/28,69.7306725,37.04269551
2020/3/29,69.93986452,38.90391457
2020/3/30,70.14968411,41.24435237
2020/3/31,70.36013316,41.56306152
2020/4/01,70.57121356,41.69934072
2020/4/02,70.7829272,41.74695025
2020/4/03,70.99527598,42.24926716
2020/4/04,71.20826181,43.30165241
2020/4/05,71.4218866,44.15329619
2020/4/06,71.63615226,43.80589126
2020/4/07,71.85106071,43.86137532
2020/4/08,72.0666139,44.1942228
2020/4/09,72.28281374,44.40912971
2020/4/10,72.49966218,44.13896111
2020/4/11,72.71716117,44.34651065
2020/4/12,72.93531265,44.6905992
2020/4/13,73.15411859,45.66952383
2020/4/14,73.37358094,46.50404827
2020/4/15,73.59370169,47.10512639
2020/4/16,73.81448279,48.05911487
2020/4/17,74.03592624,48.94135526
2020/4/18,74.25803402,49.6359633
2020/4/19,74.48080812,49.40954671
2020/4/20,74.70425054,48.87774399
2020/4/21,74.9283633,47.97363607
2020/4/22,75.15314839,47.74411606
2020/4/23,75.37860783,47.17840426
2020/4/24,75.60474365,47.20552374
2020/4/25,75.83155789,46.6334714
2020/4/26,76.05905256,46.59143598
2020/4/27,76.28722972,46.43754273
2020/4/28,76.51609141,46.68132722
2020/4/29,76.74563968,46.38619853
2020/4/30,76.9758766,46.5204167
2020/5/01,77.20680423,46.15589065
2020/5/02,77.43842464,45.8856432
2020/5/03,77.67073992,45.72483973
2020/5/04,77.78218074,45.96781762
2020/5/05,77.78218074,46.80048582
2020/5/06,77.78218074,47.11005488
2020/5/07,77.78218074,47.62717908
2020/5/08,77.78218074,48.5355904
2020/5/09,77.78218074,49.20577723
2020/5/10,77.78218074,49.99942283
2020/5/11,69.60056838,49.5658376
2020/5/12,57.58870258,49.20937398
2020/5/13,57.76146869,49.67900376
2020/5/14,57.93475309,49.84337419
2020/5/15,58.10855735,48.84149732
2020/5/16,58.28288303,47.49522528
2020/5/17,58.45773168,46.02371863
2020/5/18,58.63310487,45.74194076
2020/5/19,58.80900418,44.62265644
2020/5/20,58.9854312,43.07166135
2020/5/21,58.66070916,41.85167647
2020/5/22,58.71141269,40.26666878
2020/5/23,58.8560226,39.89408055
2020/5/24,57.91936189,39.61416917
2020/5/25,56.64906333,39.08300933
2020/5/26,56.58149432,38.28150875
2020/5/27,56.70440757,37.83860424
2020/5/28,56.8745208,36.99987181
2020/5/29,57.04514436,37.16908975
2020/5/30,57.21627979,37.38245151
2020/5/31,57.38792863,37.74295931
2020/6/01,57.56009242,38.65526476
2020/6/02,57.7327727,40.02372293
2020/6/03,57.90597101,41.08317442
2020/6/04,58.07968893,41.76004621
2020/6/05,58.25392799,42.20526369
2020/6/06,58.42868978,42.29186305
2020/6/07,58.60397585,42.77481028
2020/6/08,58.77978777,43.52377572
2020/6/09,58.95612714,44.33848366
2020/6/10,59.13299552,44.84823181
2020/6/11,59.31039451,45.35419632
2020/6/12,59.48832569,46.05807684
2020/6/13,59.66679067,46.84562257
2020/6/14,59.8155929,47.04584606
2020/6/15,59.25646818,46.88566727
2020/6/16,59.43423759,46.51859087
2020/6/17,59.6125403,46.28374839
2020/6/18,59.77984763,46.21120474
2020/6/19,59.78051612,46.35821777
2020/6/20,59.72888195,46.24071449
2020/6/21,59.87684931,45.72535762
2020/6/22,60.05647986,45.21584065
2020/6/23,60.2366493,44.76969153
2020/6/24,60.06425021,44.97096506
2020/6/25,59.73101043,45.07069596
2020/6/26,59.36979813,45.23179973
2020/6/27,59.02477715,45.33920223
2020/6/28,59.14302711,46.1907507
2020/6/29,59.32045619,46.68940521
2020/6/30,59.49841756,47.14970168
2020/7/01,59.67691281,47.06617156
2020/7/02,59.85594355,46.96621947
2020/7/03,60.03551138,47.08106164
2020/7/04,60.21561791,47.68688005
2020/7/05,60.34515461,48.18529289
2020/7/06,60.52619007,48.92151762
2020/7/07,60.70776864,49.56568486
2020/7/08,60.88989195,50.21666895
2020/7/09,61.07256162,50.93777602
2020/7/10,61.25577931,51.21394469
2020/7/11,61.43954665,51.44408524
2020/7/12,61.62242045,51.52847011
2020/7/13,61.79875026,51.35202902
2020/7/14,61.89814344,51.11941724
2020/7/14,61.89814344,51.11941724
2020/7/15,61.13490431,50.99646689
2020/7/16,60.48691202,48.82827861
2020/7/17,60.538856,46.27061279
2020/7/18,60.61872126,43.78350718
2020/7/19,60.44639411,43.34270567
2020/7/20,60.41054346,42.59868593
2020/7/21,60.56180891,41.67977503
2020/7/22,60.74349433,41.08121839
2020/7/23,60.92572482,42.74200231
2020/7/24,61.10850199,44.76529236
2020/7/25,61.2918275,46.71270903
2020/7/26,61.47570298,47.02463291
2020/7/27,61.66013009,48.12058169
2020/7/28,61.84511048,49.21134145
2020/7/29,62.03064581,49.60061723
2020/7/30,62.21673775,50.05442933
2020/7/31,62.40338796,50.72568818
2020/8/01,62.59059812,51.04655207
2020/8/02,62.77836992,51.06150021
2020/8/03,62.96670503,50.40255022
2020/8/04,63.15560514,49.77577593
2020/8/05,63.34507196,49.66114181
2020/8/06,63.53510717,49.71845887
2020/8/07,63.7257125,49.47281431
2020/8/08,63.91688963,49.61201289
2020/8/09,64.1086403,49.62020105
2020/8/10,64.30096622,50.04598495
2020/8/11,64.49386912,50.46942345
2020/8/12,64.68735073,50.62615027
2020/8/13,64.88141278,50.85037977
2020/8/14,65.07605702,50.8689311
2020/8/15,65.27128519,51.24975857
2020/8/16,65.46709905,51.58087251
2020/8/17,65.66350034,52.18448523
2020/8/18,65.86049084,52.81481294
2020/8/19,66.05807232,53.25960394
2020/8/20,66.25624653,52.65007553
2020/8/21,66.45501527,51.75225665
2020/8/22,66.65438032,50.9615171
2020/8/23,66.85434346,50.76383221
2020/8/24,67.05490649,50.25314624
2020/8/25,67.25607121,49.70201422
2020/8/26,67.45783942,49.51345215
2020/8/27,67.66021294,50.21216644
2020/8/28,67.86319358,51.24444056
2020/8/29,68.06678316,51.26527586
2020/8/30,68.13484994,51.77538544
2020/8/31,68.33925449,53.73635428
2020/9/01,68.54427226,54.73343064
2020/9/02,68.74990507,54.85289868
2020/9/03,68.82208371,51.84913074
2020/9/04,68.91556362,51.20912336
2020/9/05,68.20342487,51.44805945
2020/9/06,68.25619101,49.88644146
2020/9/07,67.99255336,48.4954921
2020/9/08,67.54346767,47.48762739
2020/9/09,67.72365183,47.27913912
2020/9/10,67.92682278,50.71451093
2020/9/11,68.13060325,52.00675499
2020/9/12,68.33499506,52.56986344
2020/9/13,68.54000005,52.94575156
2020/9/14,68.74562005,53.54464225
2020/9/15,68.95185691,54.49409908
2020/9/16,69.15871248,55.9862797
2020/9/17,69.36618861,56.35721726
2020/9/18,69.57428718,56.46681244
2020/9/19,69.78301004,56.58483803
2020/9/20,69.9836362,57.42407757
2020/9/21,69.9650917,58.01746503
2020/9/22,69.99261542,58.28020366
2020/9/23,69.35493369,57.74611532
2020/9/24,69.21884579,57.34158709
2020/9/25,69.42650233,57.05030047
2020/9/26,69.63478183,56.9694123
2020/9/27,69.84368618,56.60478446
2020/9/28,70.05321724,57.01782103
2020/9/29,70.26337689,57.15862895
2020/9/30,70.47416702,57.29004967
2020/10/01,70.6572132,57.58105271
2020/10/02,70.26021371,57.75940941
2020/10/03,70.47099435,57.75002222
2020/10/04,70.68240733,57.31596569
2020/10/05,70.89445455,56.89597144
2020/10/06,71.10713792,56.47584834
2020/10/07,71.32045933,56.50618174
2020/10/08,71.53442071,56.18960769
2020/10/09,71.74902397,56.24833621
2020/10/10,71.96427104,56.89825668
2020/10/11,72.18016385,57.33469441
2020/10/12,72.39670435,57.50351896
2020/10/13,72.61389446,57.21276556
2020/10/14,72.83173614,57.00642444
2020/10/15,73.05023135,57.42848583
2020/10/16,73.26938204,57.95371777
2020/10/17,73.48919019,58.2069546
2020/10/18,73.70965776,58.57417738
2020/10/19,73.93078673,58.69897869
2020/10/20,74.1525791,59.46373724
2020/10/21,74.37503683,59.19706033
2020/10/22,74.59816194,58.55644062
2020/10/23,74.82195643,57.59693008
2020/10/24,75.0464223,57.02481963
2020/10/25,75.27156156,56.18546185
2020/10/26,75.49737625,56.02023908
2020/10/27,75.72386838,55.24272015
2020/10/28,75.95103998,54.98030751
2020/10/29,76.1788931,53.71683924
2020/10/30,76.40742978,51.98685962
2020/10/31,76.63665207,49.85840154
2020/11/01,76.86656203,48.4737901
2020/11/02,77.09716171,48.44960735
2020/11/03,77.3284532,48.44960735
2020/11/04,77.56043856,48.44960735
2020/11/05,77.78218074,48.44960735
2020/11/06,77.78218074,48.44960735
2020/11/07,77.78218074,48.44960735
2020/11/08,77.78218074,48.44960735
2020/11/09,77.78218074,48.44960735
2020/11/10,77.78218074,48.44960735
2020/11/11,77.78218074,48.44960735
2020/11/12,77.78218074,48.44960735
2020/11/13,77.78218074,48.44960735
2020/11/14,77.78218074,48.44960735
2020/11/15,77.78218074,48.44960735
2020/11/16,77.78218074,48.44960735
2020/11/17,77.78218074,48.44960735
2020/11/18,77.78218074,48.44960735
2020/11/19,77.78218074,48.44960735
2020/11/20,77.78218074,48.44960735
2020/11/21,77.78218074,48.44960735
2020/11/22,77.78218074,48.44960735
2020/11/23,77.78218074,48.44960735
2020/11/24,77.78218074,48.44960735
2020/11/25,77.78218074,48.44960735
2020/11/26,77.78218074,48.44960735
2020/11/27,77.78218074,48.44960735
2020/11/28,77.78218074,48.44960735
2020/11/29,77.78218074,48.44960735
2020/11/30,77.78218074,48.44960735
2020/12/01,77.78218074,48.44960735
2020/12/02,77.78218074,48.44960735
2020/12/03,77.78218074,48.44960735
2020/12/04,77.78218074,48.44960735
2020/12/05,77.78218074,48.44960735
2020/12/06,77.78218074,48.44960735
2020/12/07,77.78218074,48.44960735
2020/12/08,77.78218074,48.44960735
2020/12/09,77.78218074,48.44960735
2020/12/10,77.78218074,48.44960735
2020/12/11,77.78218074,48.44960735
2020/12/12,77.78218074,48.44960735
2020/12/13,77.78218074,48.44960735
2020/12/14,77.78218074,48.44960735
2020/12/15,77.78218074,48.44960735
2020/12/16,77.78218074,48.44960735
2020/12/17,77.78218074,48.44960735
2020/12/18,77.78218074,48.44960735
2020/12/19,77.78218074,48.44960735
2020/12/20,77.78218074,48.44960735
2020/12/21,77.78218074,48.44960735
2020/12/22,77.78218074,48.44960735
2020/12/23,77.78218074,48.44960735
2020/12/24,77.78218074,48.44960735
2020/12/25,77.78218074,48.44960735
2020/12/26,77.78218074,48.44960735
2020/12/27,77.78218074,48.44960735
2020/12/28,77.78218074,48.44960735
2020/12/29,77.78218074,48.44960735
2020/12/30,77.78218074,48.22985692
2020/12/31,77.78218074,47.48130649
2021/1/01,77.78218074,48.16001346
2021/1/02,77.78218074,50.21998173
2021/1/03,77.78218074,51.47761579
2021/1/04,77.78218074,52.24019651
2021/1/05,77.78218074,52.5973727
2021/1/06,77.78218074,52.83101826
2021/1/07,77.78218074,53.2323347
2021/1/08,77.78218074,53.51569672
2021/1/09,77.78218074,53.68899563
2021/1/10,77.78218074,53.2326936
2021/1/11,77.78218074,53.29865784
2021/1/12,77.78218074,53.79731849
2021/1/13,77.78218074,54.38572257
2021/1/14,77.78218074,54.72930805
2021/1/15,77.78218074,54.70660189
2021/1/16,77.78218074,54.59463309
2021/1/17,77.78218074,54.69294138
2021/1/18,77.78218074,54.91585772
2021/1/19,77.78218074,54.49380356
2021/1/20,77.78218074,53.98984936
2021/1/21,77.78218074,53.29682027
2021/1/22,77.78218074,52.84605254
2021/1/23,77.78218074,52.15591986
2021/1/24,77.78218074,51.75530525
2021/1/25,77.78218074,51.43110106
2021/1/26,77.78218074,51.55786854
2021/1/27,77.78218074,51.53712443
2021/1/28,77.78218074,51.90836627
2021/1/29,77.78218074,52.02424069
2021/1/30,77.78218074,52.526458
2021/1/31,77.78218074,52.67002889
2021/2/01,77.78218074,52.61547426
2021/2/02,77.78218074,52.42261244
2021/2/03,77.78218074,51.95671773
2021/2/04,77.78218074,51.06585709
2021/2/05,77.78218074,50.67840234
2021/2/06,77.78218074,50.65897148
2021/2/07,77.78218074,50.66114667
2021/2/08,77.78218074,51.51926964
2021/2/09,77.78218074,52.53574692
2021/2/10,77.78218074,53.8583847
2021/2/11,77.78218074,55.10735224
2021/2/12,77.78218074,55.75593827
2021/2/13,77.78218074,55.41171985
2021/2/14,77.78218074,55.06457887
2021/2/15,77.78218074,54.01661766
2021/2/16,77.78218074,53.32306536
2021/2/17,77.78218074,52.76000892
2021/2/18,77.78218074,51.96671928
2021/2/19,77.78218074,50.97701894
2021/2/20,77.78218074,50.75312971
2021/2/21,77.78218074,51.02262795
2021/2/22,77.78218074,51.36075262
2021/2/23,77.78218074,51.2175084
2021/2/24,77.78218074,50.86667695
2021/2/25,77.78218074,50.48987271
2021/2/26,77.78218074,50.64361098
2021/2/27,77.78218074,50.95583671
2021/2/28,77.78218074,51.22302117
2021/3/01,77.78218074,51.43618989
2021/3/02,77.78218074,51.23472042
2021/3/03,77.78218074,50.97596567
2021/3/04,77.78218074,50.92893824
2021/3/05,77.78218074,51.03698966
2021/3/06,77.78218074,50.91970629
2021/3/07,78.03749723,50.40080484
2021/3/08,78.53225725,49.75540535
2021/3/09,79.06038903,49.64103384
2021/3/10,79.62548351,49.93006853
2021/3/11,80.21217037,50.39968281
2021/3/12,80.79129263,50.79387531
2021/3/13,81.40619615,50.54638248
2021/3/14,82.02583795,50.4587982
2021/3/15,82.68323266,50.15715249
2021/3/16,83.22684564,50.26901084
2021/3/17,83.79652494,50.1866093
2021/3/18,84.3811535,50.28717398
2021/3/19,84.96178779,49.90733037
2021/3/20,85.56024998,49.96296252
2021/3/21,86.1186318,50.02972755
2021/3/22,86.64972065,50.56550312
2021/3/23,87.16815463,50.79511402
2021/3/24,87.80003489,51.20732656
2021/3/25,88.29034427,51.50836899
2021/3/26,88.80799881,52.10993983
2021/3/27,89.33394689,52.61490788
2021/3/28,89.86075261,52.77101172
2021/3/29,90.40139094,52.64133241
2021/3/30,90.95617696,52.43912297
2021/3/31,91.51698769,52.22052073
2021/4/01,92.18242578,51.93599841
2021/4/02,92.74714705,51.47279873
2021/4/03,93.29304833,51.33057184
2021/4/04,93.83449557,51.68870117
2021/4/05,94.37768368,51.8237772
2021/4/06,94.91681272,51.68321268
2021/4/07,95.45320163,51.50307964
2021/4/08,95.87832065,51.53878205
2021/4/09,96.55339757,51.96550255
2021/4/10,97.25861679,52.08485587
2021/4/11,97.85485995,51.84126882
2021/4/12,98.44049969,51.83175792
2021/4/13,99.03626264,52.15269953
2021/4/14,99.63377158,52.50087598
2021/4/15,100.2424695,52.42706618
2021/4/16,100.8503008,51.95126034
2021/4/17,101.4786557,51.8175768
2021/4/18,102.1518772,51.62443394
2021/4/19,102.7195774,50.98996186
2021/4/20,103.2285007,49.46537159
2021/4/21,103.7759948,46.97373443
2021/4/22,104.3676605,45.04616308
2021/4/23,104.8756984,43.33425275
2021/4/24,105.4151034,41.968878
2021/4/25,105.9205589,41.19677958
2021/4/26,106.4130656,41.34453471
2021/4/27,106.987147,42.6515591
2021/4/28,107.4796476,44.28161628
2021/4/29,107.9660586,45.69432193
2021/4/30,108.4870006,47.10094926
2021/5/01,109.0663805,47.8822413
2021/5/02,109.6889144,48.14919164
2021/5/03,110.2939625,47.68746909
2021/5/04,110.8602839,47.12395145
2021/5/05,111.6653388,47.33083922
2021/5/06,112.2626657,48.21962067
2021/5/07,112.8597634,49.0683258
2021/5/08,113.4696677,49.70971413
2021/5/09,114.0705419,50.56796457
2021/5/10,114.6748518,51.81773935
2021/5/11,115.257593,53.3122622
2021/5/12,115.8455066,53.98543197
2021/5/13,116.3599257,54.00974713
2021/5/14,117.1122541,53.97271935
2021/5/15,117.6083368,54.29662113
2021/5/16,118.0849314,55.29016898
2021/5/17,118.515073,55.52910381
2021/5/18,118.9374014,54.55100318
2021/5/19,119.3007506,53.52542322
2021/5/20,119.6828066,52.20138532
2021/5/21,120.0862709,50.28126033
2021/5/22,120.7279462,48.2568193
2021/5/23,121.1259623,44.40191194
2021/5/24,121.5062965,42.66943317
2021/5/25,121.8561935,43.66297996
2021/5/26,122.2234496,44.87601552
2021/5/27,122.5891859,33.13249994
2021/5/28,122.9193432,56.07651512
2021/5/29,123.2326372,67.04093421
2021/5/30,123.5533663,71.08111272
2021/5/31,124.1223955,71.10477841
2021/6/01,124.4424573,70.16522563
2021/6/02,124.7733293,69.54925405
2021/6/03,125.1206974,67.46942776
2021/6/04,125.4523622,58.82384142
2021/6/05,125.7746597,48.19161895
2021/6/06,126.0899504,44.32372774
2021/6/07,126.39401,44.12870108
2021/6/08,126.6621917,44.8034557
2021/6/09,127.2220178,45.20542383
2021/6/10,127.5467458,45.2907088
2021/6/11,127.872033,45.07875057
2021/6/12,128.1844969,44.28359364
2021/6/13,128.50684,43.08145182
2021/6/14,128.8601573,42.27663484
2021/6/15,129.2129683,42.22068961
2021/6/16,129.5597704,41.53610742
2021/6/17,130.1648442,40.82635954
2021/6/18,130.4818075,40.02958156
2021/6/19,130.7823919,39.49648296
2021/6/20,131.0690214,39.43296023
2021/6/21,131.1157526,39.30982215
2021/6/22,131.1564836,38.00515206
2021/6/23,131.803524,36.92251448
2021/6/24,132.0837356,35.45207528
2021/6/25,132.2552675,34.10635023
2021/6/26,132.2552675,32.8800719
2021/6/27,132.4974655,31.84791385
2021/6/28,132.887687,30.82466396
2021/6/29,133.688898,29.90051404
2021/6/30,134.0609134,28.85291519
2021/7/01,134.0609134,27.99892022
2021/7/02,134.0609134,27.38306987
2021/7/03,134.7555004,27.00833355
2021/7/04,135.117366,27.05148261
2021/7/05,135.117366,27.13278322
2021/7/06,135.117366,26.5947888
2021/7/07,135.117366,26.80479402
2021/7/08,135.117366,27.40806954
2021/7/09,135.117366,27.80745195
2021/7/10,135.117366,28.03760432
2021/7/11,135.117366,27.72354211
2021/7/12,135.117366,27.57718954
2021/7/13,135.117366,28.51435952
2021/7/14,135.117366,29.07880117
2021/7/15,135.117366,29.10190947
2021/7/16,135.117366,29.2884876
2021/7/17,135.117366,29.61157588
2021/7/18,135.117366,30.02734786
2021/7/19,135.117366,29.96042352
2021/7/20,135.117366,29.91941007
2021/7/21,135.117366,30.04796906
2021/7/22,135.117366,30.31272497
2021/7/23,135.117366,30.35389899
2021/7/24,135.117366,30.13830134
2021/7/25,135.6577812,29.80536828
2021/7/26,139.0644199,29.83795714
2021/7/27,139.8575614,29.86076935
2021/7/28,141.5378736,30.00619716
2021/7/29,141.8278286,30.33534469
2021/7/30,142.118668,30.74352022
2021/7/31,142.7130818,31.15576936
2021/8/01,143.0258921,31.4791928
2021/8/02,143.3204218,31.70109392
2021/8/03,143.3971523,32.45875128
2021/8/04,143.7089601,32.72112241
2021/8/05,144.072819,32.90612002
2021/8/06,144.5131033,32.86367569
2021/8/07,144.8597447,32.99672699
2021/8/08,145.2117398,33.24643668
2021/8/09,145.8570203,33.69259613
2021/8/10,146.2197042,33.63472065
2021/8/11,146.5882644,33.85499298
2021/8/12,146.9457326,34.01911746
2021/8/13,147.3288889,34.34952595
2021/8/14,147.7197573,34.3878073
2021/8/15,148.1004372,34.4555617
2021/8/16,148.4832106,34.47067754
2021/8/17,148.8618096,34.78122301
2021/8/18,149.5513372,35.34853575
2021/8/19,149.9275803,36.07449754
2021/8/20,150.3295205,36.50295838
2021/8/21,150.7410186,36.83813669
2021/8/22,151.1533794,37.11112507
2021/8/23,151.5698745,37.45317163
2021/8/24,151.9749786,37.62373144
2021/8/25,152.3779653,37.70735894
2021/8/26,152.7680014,37.5941489
2021/8/27,153.4831266,37.63320385
2021/8/28,153.8973576,38.58059795
2021/8/29,154.3170923,39.25274381
2021/8/30,154.7360017,39.58700724
2021/8/31,155.1530514,39.72641241
2021/9/01,155.5847364,39.60945958
2021/9/02,156.0395151,39.5012297
2021/9/03,156.4885785,39.30809531
2021/9/04,156.9295869,38.54972796
2021/9/05,157.7089612,38.25635264
2021/9/06,158.1690292,38.29676391
2021/9/07,158.6030053,38.50984151
2021/9/08,159.0073517,38.97972692
2021/9/09,159.4012771,39.20327126
2021/9/10,159.7824174,40.15875921
2021/9/11,160.1642746,40.66131358
2021/9/12,160.54978,40.78848473
2021/9/13,160.9180774,40.67943955
2021/9/14,161.6311021,40.47628147
2021/9/15,162.0293836,40.31996694
2021/9/16,162.4277401,40.82144269
2021/9/17,162.8255919,40.75011682
2021/9/18,163.2373824,40.85381367
2021/9/19,163.6399703,40.83845117
2021/9/20,163.9736192,41.03596897
2021/9/21,164.2558286,41.45075635
2021/9/22,164.6952498,41.67034081
2021/9/23,165.0637154,41.34879671
2021/9/24,165.7060231,41.00335579
2021/9/25,166.1025341,40.77895123
2021/9/26,166.4016235,41.09037719
2021/9/27,166.7246352,41.58451932
2021/9/28,166.7619979,41.50207513
2021/9/29,167.1115842,41.38042505
2021/9/30,167.726296,41.44673683
2021/10/01,168.1032003,41.62503158
2021/10/02,168.4914517,42.21368725
2021/10/03,169.214092,42.40896245
2021/10/04,169.5835677,42.76008868
2021/10/05,169.9800431,43.1689483
2021/10/06,170.4263519,43.39346861
2021/10/07,170.8967549,44.20102373
2021/10/08,171.3628408,44.78089643
2021/10/09,171.8161119,44.76177988
2021/10/10,172.2751476,44.45603758
2021/10/11,172.748279,43.51287663
2021/10/12,173.536278,43.19286758
2021/10/13,174.0394493,43.3783804
2021/10/14,174.5529333,43.07038635
2021/10/15,175.1023326,42.78470846
2021/10/16,175.6723754,42.81612118
2021/10/17,176.2454674,43.3015365
2021/10/18,176.827527,43.76680028
2021/10/19,177.4284824,43.83885605
2021/10/20,178.0436697,43.71185428
2021/10/21,178.9161919,43.66427293
2021/10/22,179.458427,43.96201094
2021/10/23,179.987308,44.0914922
2021/10/24,180.5172404,44.46637607
2021/10/25,181.0733107,44.90092451
2021/10/26,181.6165946,45.26831688
2021/10/27,182.1225569,45.89417647
2021/10/28,182.6512351,46.36865703
2021/10/29,183.1952517,46.78330397
2021/10/30,183.7404685,47.04667592
2021/10/31,184.588728,47.25130688
2021/11/01,185.1228167,47.63448893
2021/11/02,185.6704535,47.82481995
2021/11/03,186.2030714,48.03195642
2021/11/04,186.7304574,47.98194269
2021/11/05,187.2512495,48.08733019
2021/11/06,187.7734546,48.51860587
2021/11/07,188.3253833,48.80618458
2021/11/08,188.9261284,48.93573812
2021/11/09,189.8764889,49.33648046
2021/11/10,190.4904886,49.35003214